baseline_validation_failure_count,certified_beta_l2,certified_beta_l2_max,component_mean_base_search_ns,component_mean_candidate_delta_distance_ns,component_mean_candidate_raw_distance_ns,component_mean_delta_index_search_ns,component_mean_exact_boundary_rerank_ns,component_mean_exact_truth_generation_ns,component_mean_final_interval_recompute_ns,component_mean_full_index_search_ns,component_mean_group_ordering_ns,component_mean_group_scan_ns,component_mean_lb_calculation_ns,component_mean_merge_ns,component_mean_receipt_ns,component_mean_visibility_ns,contract_violation_count,dataset_hash,delta_exact_neighbor_capture_rate,delta_exact_neighbor_capture_rate_macro,delta_exact_neighbor_count_total,delta_exact_neighbors_captured_total,delta_influence_end_to_end_p50_ms,delta_influence_mean_exact_recall,delta_influence_query_fraction,end_to_end_actual_batch_qps,end_to_end_p50_ms,end_to_end_p95_ms,end_to_end_p99_ms,end_to_end_pooled_request_p99_ms,end_to_end_single_query_capacity_estimate_qps,experiment_id,fallback_count,fallback_rate,fallback_reason_counts,fallback_reason_request_counts,fallback_request_count,fallback_request_rate,group_skip_rate,groups_scanned_total,groups_skipped_total,k,mean_distance_evaluations,mean_exact_boundary_rechecks,mean_exact_id_symmetric_difference,mean_exact_rank_position_difference,mean_exact_recall_at_k,mean_groups_scanned,mean_groups_skipped,mean_raw_pending_scanned,mean_same_c_reference_recall_at_k,mean_vectors_scanned_or_read,mean_visibility_rejections,method,method_kind,micro_actual_batch_qps,micro_p50_ms,micro_p95_ms,micro_p99_ms,micro_pooled_request_p99_ms,micro_single_query_capacity_estimate_qps,min_exact_recall_at_k,min_skipped_lb_l2,non_delta_end_to_end_p50_ms,observed_beta_upper_l2,observed_beta_upper_l2_max,p99_sample_warning,paired_speedup_vs_delta_flat,performance_eligible,query_rows,repetitions_observed,requested_beta_l2,requested_beta_l2_max,requested_beta_l2_min,run_complete,run_id,split_id,tau_returned_l2,truth_cache_hit_count,truth_generation_wall_ms,unique_test_queries
0,"{'count': 8, 'min': 0.0, 'p50': 0.0, 'p95': 0.0, 'p99': 0.0, 'max': 0.0, 'mean': 0.0}",0.0,59877.125,173149.25,,,,,,,0.0,0.0,0.0,1150112.0,211259.875,1315.625,0,2818597448088286a32b9b95b54ca7490acc072b1c90f8aae854e5d264652975,1.0,1.0,7.0,7.0,1.989051,1.0,0.5,"{'count': 0, 'min': None, 'p50': None, 'p95': None, 'p99': None, 'max': None, 'mean': None}",,,,2.06069044,,synthetic-clustered,0,0.0,{},{},0,0.0,0.0,32.0,0.0,5,40.0,5.0,0.0,0.0,1.0,4.0,0.0,2.0,1.0,24.0,0.0,certified_full_delta_reference,certified_full,"{'count': 0, 'min': None, 'p50': None, 'p95': None, 'p99': None, 'max': None, 'mean': None}",,,,1.68327797,,1.0,"{'count': 0, 'min': None, 'p50': None, 'p95': None, 'p99': None, 'max': None, 'mean': None}",1.9773395,"{'count': 8, 'min': 0.0, 'p50': 0.0, 'p95': 0.0, 'p99': 0.0, 'max': 0.0, 'mean': 0.0}",0.0,fewer_than_1000_unique_test_queries,"{'paired_queries': 0, 'median': None, 'bootstrap_95pct_lower': None, 'bootstrap_95pct_upper': None, 'bootstrap_resamples': 0, 'seed': None, 'reason': 'truth_generation_is_not_a_performance_method'}",False,8,1,"{'count': 8, 'min': 0.0, 'p50': 0.0, 'p95': 0.0, 'p99': 0.0, 'max': 0.0, 'mean': 0.0}",0.0,0.0,True,offline-smoke-20260905T121406.178089Z-43d3397eca,aa18c94a51998944a2d6ac6eb04be025ba4209c5911044bada3e93f4055b815d,"{'count': 8, 'min': 2.917486375108957, 'p50': 3.112244821529495, 'p95': 3.413959324765648, 'p99': 3.463295852629357, 'max': 3.475629984595284, 'mean': 3.135420435288103}",0,"{'count': 8, 'min': 1.961296, 'p50': 1.9866035, 'p95': 2.0504682, 'p99': 2.06069044, 'max': 2.063246, 'mean': 1.995648375}",8
0,"{'count': 0, 'min': None, 'p50': None, 'p95': None, 'p99': None, 'max': None, 'mean': None}",,,,,22646.25,,,,,,,,1310739.5,,,0,2818597448088286a32b9b95b54ca7490acc072b1c90f8aae854e5d264652975,1.0,1.0,7.0,7.0,1.6864465,1.0,0.5,"{'count': 1, 'min': 611.6476365247221, 'p50': 611.6476365247221, 'p95': 611.6476365247221, 'p99': 611.6476365247221, 'max': 611.6476365247221, 'mean': 611.6476365247221}",1.6799085,1.798216,1.824312,1.824312,587.3085988806339,synthetic-clustered,0,0.0,{},{},0,0.0,,0,0,5,,,0.0,0.0,1.0,,,,1.0,24.0,,delta_flat_full_scan,delta_flat,"{'count': 1, 'min': 733.5998256966814, 'p50': 733.5998256966814, 'p95': 733.5998256966814, 'p99': 733.5998256966814, 'max': 733.5998256966814, 'mean': 733.5998256966814}",1.363167,1.4214385999999999,1.4363301199999998,1.4363301199999998,729.9539143596169,1.0,"{'count': 0, 'min': None, 'p50': None, 'p95': None, 'p99': None, 'max': None, 'mean': None}",1.677016,"{'count': 8, 'min': 0.0, 'p50': 0.0, 'p95': 0.0, 'p99': 0.0, 'max': 0.0, 'mean': 0.0}",0.0,fewer_than_1000_unique_test_queries,"{'paired_queries': 8, 'median': 1.0, 'bootstrap_95pct_lower': 1.0, 'bootstrap_95pct_upper': 1.0, 'bootstrap_resamples': 2000, 'seed': 14472242407302666132, 'ratio_definition': 'delta_flat_E2E_query_median / method_E2E_query_median'}",True,8,1,"{'count': 8, 'min': 0.0, 'p50': 0.0, 'p95': 0.0, 'p99': 0.0, 'max': 0.0, 'mean': 0.0}",0.0,0.0,True,offline-smoke-20260905T121406.178089Z-43d3397eca,aa18c94a51998944a2d6ac6eb04be025ba4209c5911044bada3e93f4055b815d,"{'count': 8, 'min': 2.917486375108957, 'p50': 3.112244821529495, 'p95': 3.413959324765648, 'p99': 3.463295852629357, 'max': 3.475629984595284, 'mean': 3.135420435288103}",0,"{'count': 0, 'min': None, 'p50': None, 'p95': None, 'p99': None, 'max': None, 'mean': None}",8
0,"{'count': 0, 'min': None, 'p50': None, 'p95': None, 'p99': None, 'max': None, 'mean': None}",,,,,23908.5,,,,,,,,1303780.375,,,0,2818597448088286a32b9b95b54ca7490acc072b1c90f8aae854e5d264652975,1.0,1.0,7.0,7.0,1.6781565,1.0,0.5,"{'count': 1, 'min': 609.768553199105, 'p50': 609.768553199105, 'p95': 609.768553199105, 'p99': 609.768553199105, 'max': 609.768553199105, 'mean': 609.768553199105}",1.68107,1.7396163500000001,1.74438727,1.74438727,589.2101770149404,synthetic-clustered,0,0.0,{},{},0,0.0,,0,0,5,,,0.0,0.0,1.0,,,,1.0,,,delta_hnsw_ef24,delta_hnsw,"{'count': 1, 'min': 732.04888036784, 'p50': 732.04888036784, 'p95': 732.04888036784, 'p99': 732.04888036784, 'max': 732.04888036784, 'mean': 732.04888036784}",1.362022,1.38412125,1.3912794499999999,1.3912794499999999,732.8936887318054,1.0,"{'count': 0, 'min': None, 'p50': None, 'p95': None, 'p99': None, 'max': None, 'mean': None}",1.6953315,"{'count': 8, 'min': 0.0, 'p50': 0.0, 'p95': 0.0, 'p99': 0.0, 'max': 0.0, 'mean': 0.0}",0.0,fewer_than_1000_unique_test_queries,"{'paired_queries': 8, 'median': 0.9942174203639855, 'bootstrap_95pct_lower': 0.9893284174472698, 'bootstrap_95pct_upper': 1.0140476611967335, 'bootstrap_resamples': 2000, 'seed': 3134558408804197230, 'ratio_definition': 'delta_flat_E2E_query_median / method_E2E_query_median'}",True,8,1,"{'count': 0, 'min': None, 'p50': None, 'p95': None, 'p99': None, 'max': None, 'mean': None}",,,True,offline-smoke-20260905T121406.178089Z-43d3397eca,aa18c94a51998944a2d6ac6eb04be025ba4209c5911044bada3e93f4055b815d,"{'count': 8, 'min': 2.917486375108957, 'p50': 3.112244821529495, 'p95': 3.413959324765648, 'p99': 3.463295852629357, 'max': 3.475629984595284, 'mean': 3.135420435288103}",0,"{'count': 0, 'min': None, 'p50': None, 'p95': None, 'p99': None, 'max': None, 'mean': None}",8
0,"{'count': 0, 'min': None, 'p50': None, 'p95': None, 'p99': None, 'max': None, 'mean': None}",,,,,22000.0,,,,,,,,1319327.125,,,0,2818597448088286a32b9b95b54ca7490acc072b1c90f8aae854e5d264652975,1.0,1.0,7.0,7.0,1.7154305,1.0,0.5,"{'count': 1, 'min': 606.7176076882042, 'p50': 606.7176076882042, 'p95': 606.7176076882042, 'p99': 606.7176076882042, 'max': 606.7176076882042, 'mean': 606.7176076882042}",1.6938705,1.7638287,1.7705593400000001,1.7705593400000001,584.8073341272581,synthetic-clustered,0,0.0,{},{},0,0.0,,0,0,5,,,0.0,0.0,1.0,,,,1.0,,,delta_hnsw_ef8,delta_hnsw,"{'count': 1, 'min': 738.0693397692979, 'p50': 738.0693397692979, 'p95': 738.0693397692979, 'p99': 738.0693397692979, 'max': 738.0693397692979, 'mean': 738.0693397692979}",1.3713815,1.4176613500000002,1.42508667,1.42508667,726.0940785575706,1.0,"{'count': 0, 'min': None, 'p50': None, 'p95': None, 'p99': None, 'max': None, 'mean': None}",1.6938705,"{'count': 8, 'min': 0.0, 'p50': 0.0, 'p95': 0.0, 'p99': 0.0, 'max': 0.0, 'mean': 0.0}",0.0,fewer_than_1000_unique_test_queries,"{'paired_queries': 8, 'median': 0.9855204580677046, 'bootstrap_95pct_lower': 0.9804733213635609, 'bootstrap_95pct_upper': 1.0165932085501423, 'bootstrap_resamples': 2000, 'seed': 8018666821459727143, 'ratio_definition': 'delta_flat_E2E_query_median / method_E2E_query_median'}",True,8,1,"{'count': 0, 'min': None, 'p50': None, 'p95': None, 'p99': None, 'max': None, 'mean': None}",,,True,offline-smoke-20260905T121406.178089Z-43d3397eca,aa18c94a51998944a2d6ac6eb04be025ba4209c5911044bada3e93f4055b815d,"{'count': 8, 'min': 2.917486375108957, 'p50': 3.112244821529495, 'p95': 3.413959324765648, 'p99': 3.463295852629357, 'max': 3.475629984595284, 'mean': 3.135420435288103}",0,"{'count': 0, 'min': None, 'p50': None, 'p95': None, 'p99': None, 'max': None, 'mean': None}",8
0,"{'count': 0, 'min': None, 'p50': None, 'p95': None, 'p99': None, 'max': None, 'mean': None}",,,,,,,1257265.625,,,,,,,,,0,2818597448088286a32b9b95b54ca7490acc072b1c90f8aae854e5d264652975,1.0,1.0,7.0,7.0,1.2909985,1.0,0.5,"{'count': 0, 'min': None, 'p50': None, 'p95': None, 'p99': None, 'max': None, 'mean': None}",,,,1.31151955,,synthetic-clustered,0,0.0,{},{},0,0.0,,0,0,5,,,0.0,0.0,1.0,,,,1.0,120.0,,full_base_delta_exact_flat,full_exact_truth,"{'count': 0, 'min': None, 'p50': None, 'p95': None, 'p99': None, 'max': None, 'mean': None}",,,,,,1.0,"{'count': 0, 'min': None, 'p50': None, 'p95': None, 'p99': None, 'max': None, 'mean': None}",1.2989615,"{'count': 0, 'min': None, 'p50': None, 'p95': None, 'p99': None, 'max': None, 'mean': None}",,fewer_than_1000_unique_test_queries,"{'paired_queries': 0, 'median': None, 'bootstrap_95pct_lower': None, 'bootstrap_95pct_upper': None, 'bootstrap_resamples': 0, 'seed': None, 'reason': 'truth_generation_is_not_a_performance_method'}",False,8,1,"{'count': 0, 'min': None, 'p50': None, 'p95': None, 'p99': None, 'max': None, 'mean': None}",,,True,offline-smoke-20260905T121406.178089Z-43d3397eca,aa18c94a51998944a2d6ac6eb04be025ba4209c5911044bada3e93f4055b815d,"{'count': 8, 'min': 2.917486375108957, 'p50': 3.112244821529495, 'p95': 3.413959324765648, 'p99': 3.463295852629357, 'max': 3.475629984595284, 'mean': 3.135420435288103}",0,"{'count': 8, 'min': 1.273681, 'p50': 1.294835, 'p95': 1.30862575, 'p99': 1.31151955, 'max': 1.312243, 'mean': 1.2925793749999999}",8
0,"{'count': 0, 'min': None, 'p50': None, 'p95': None, 'p99': None, 'max': None, 'mean': None}",,,,,,1256548.125,,,16975.25,,,,,,,0,2818597448088286a32b9b95b54ca7490acc072b1c90f8aae854e5d264652975,1.0,1.0,7.0,7.0,1.297277,1.0,0.5,"{'count': 1, 'min': 770.6205537602237, 'p50': 770.6205537602237, 'p95': 770.6205537602237, 'p99': 770.6205537602237, 'max': 770.6205537602237, 'mean': 770.6205537602237}",1.3063005,1.36146225,1.37880125,1.37880125,760.8492104334872,synthetic-clustered,0,0.0,{},{},0,0.0,,0,0,5,,,0.0,0.0,1.0,,,,1.0,120.0,,full_base_delta_flat_scan_performance,full_flat_performance,"{'count': 1, 'min': 770.6205537602237, 'p50': 770.6205537602237, 'p95': 770.6205537602237, 'p99': 770.6205537602237, 'max': 770.6205537602237, 'mean': 770.6205537602237}",,,,,,1.0,"{'count': 0, 'min': None, 'p50': None, 'p95': None, 'p99': None, 'max': None, 'mean': None}",1.3155155,"{'count': 0, 'min': None, 'p50': None, 'p95': None, 'p99': None, 'max': None, 'mean': None}",,fewer_than_1000_unique_test_queries,"{'paired_queries': 8, 'median': 1.286965189106065, 'bootstrap_95pct_lower': 1.26280786849087, 'bootstrap_95pct_upper': 1.310532652679209, 'bootstrap_resamples': 2000, 'seed': 10925286530212625967, 'ratio_definition': 'delta_flat_E2E_query_median / method_E2E_query_median'}",True,8,1,"{'count': 0, 'min': None, 'p50': None, 'p95': None, 'p99': None, 'max': None, 'mean': None}",,,True,offline-smoke-20260905T121406.178089Z-43d3397eca,aa18c94a51998944a2d6ac6eb04be025ba4209c5911044bada3e93f4055b815d,"{'count': 8, 'min': 2.917486375108957, 'p50': 3.112244821529495, 'p95': 3.413959324765648, 'p99': 3.463295852629357, 'max': 3.475629984595284, 'mean': 3.135420435288103}",0,"{'count': 0, 'min': None, 'p50': None, 'p95': None, 'p99': None, 'max': None, 'mean': None}",8
0,"{'count': 0, 'min': None, 'p50': None, 'p95': None, 'p99': None, 'max': None, 'mean': None}",,,,,,,,,19512.25,,,,,,,0,2818597448088286a32b9b95b54ca7490acc072b1c90f8aae854e5d264652975,1.0,1.0,7.0,7.0,0.068545,1.0,0.5,"{'count': 1, 'min': 14518.687365475287, 'p50': 14518.687365475287, 'p95': 14518.687365475287, 'p99': 14518.687365475287, 'max': 14518.687365475287, 'mean': 14518.687365475287}",0.071146,0.07445805,0.07454121000000001,0.07454121000000001,14747.196189324504,synthetic-clustered,0,0.0,{},{},0,0.0,,0,0,5,,,0.0,0.0,1.0,,,,1.0,,,full_base_delta_hnsw_ef24,full_hnsw,"{'count': 1, 'min': 14518.687365475287, 'p50': 14518.687365475287, 'p95': 14518.687365475287, 'p99': 14518.687365475287, 'max': 14518.687365475287, 'mean': 14518.687365475287}",,,,,,1.0,"{'count': 0, 'min': None, 'p50': None, 'p95': None, 'p99': None, 'max': None, 'mean': None}",0.0725915,"{'count': 0, 'min': None, 'p50': None, 'p95': None, 'p99': None, 'max': None, 'mean': None}",,fewer_than_1000_unique_test_queries,"{'paired_queries': 8, 'median': 24.969447044199676, 'bootstrap_95pct_lower': 22.716146829081772, 'bootstrap_95pct_upper': 27.64030274168738, 'bootstrap_resamples': 2000, 'seed': 6092173034079619626, 'ratio_definition': 'delta_flat_E2E_query_median / method_E2E_query_median'}",True,8,1,"{'count': 0, 'min': None, 'p50': None, 'p95': None, 'p99': None, 'max': None, 'mean': None}",,,True,offline-smoke-20260905T121406.178089Z-43d3397eca,aa18c94a51998944a2d6ac6eb04be025ba4209c5911044bada3e93f4055b815d,"{'count': 8, 'min': 2.9174863117750065, 'p50': 3.1122447943562213, 'p95': 3.413959315581199, 'p99': 3.463295844875325, 'max': 3.475629977198856, 'mean': 3.1354204433766832}",0,"{'count': 0, 'min': None, 'p50': None, 'p95': None, 'p99': None, 'max': None, 'mean': None}",8
0,"{'count': 0, 'min': None, 'p50': None, 'p95': None, 'p99': None, 'max': None, 'mean': None}",,,,,,,,,17338.875,,,,,,,0,2818597448088286a32b9b95b54ca7490acc072b1c90f8aae854e5d264652975,1.0,1.0,7.0,7.0,0.068854,1.0,0.5,"{'count': 1, 'min': 14365.906829911255, 'p50': 14365.906829911255, 'p95': 14365.906829911255, 'p99': 14365.906829911255, 'max': 14365.906829911255, 'mean': 14365.906829911255}",0.067166,0.0737197,0.07426794,0.07426794,14740.212959226728,synthetic-clustered,0,0.0,{},{},0,0.0,,0,0,5,,,0.0,0.0,1.0,,,,1.0,,,full_base_delta_hnsw_ef8,full_hnsw,"{'count': 1, 'min': 14365.906829911255, 'p50': 14365.906829911255, 'p95': 14365.906829911255, 'p99': 14365.906829911255, 'max': 14365.906829911255, 'mean': 14365.906829911255}",,,,,,1.0,"{'count': 0, 'min': None, 'p50': None, 'p95': None, 'p99': None, 'max': None, 'mean': None}",0.065647,"{'count': 0, 'min': None, 'p50': None, 'p95': None, 'p99': None, 'max': None, 'mean': None}",,fewer_than_1000_unique_test_queries,"{'paired_queries': 8, 'median': 25.35098771908124, 'bootstrap_95pct_lower': 23.984926912087456, 'bootstrap_95pct_upper': 26.50235951477954, 'bootstrap_resamples': 2000, 'seed': 12931765896280944237, 'ratio_definition': 'delta_flat_E2E_query_median / method_E2E_query_median'}",True,8,1,"{'count': 0, 'min': None, 'p50': None, 'p95': None, 'p99': None, 'max': None, 'mean': None}",,,True,offline-smoke-20260905T121406.178089Z-43d3397eca,aa18c94a51998944a2d6ac6eb04be025ba4209c5911044bada3e93f4055b815d,"{'count': 8, 'min': 2.9174863117750065, 'p50': 3.1122447943562213, 'p95': 3.413959315581199, 'p99': 3.463295844875325, 'max': 3.475629977198856, 'mean': 3.1354204433766832}",0,"{'count': 0, 'min': None, 'p50': None, 'p95': None, 'p99': None, 'max': None, 'mean': None}",8
0,"{'count': 8, 'min': 0.0, 'p50': 0.0, 'p95': 0.0, 'p99': 0.0, 'max': 0.0, 'mean': 0.0}",0.0,59877.125,,141093.5,,,,0.0,,12112.625,148409.5,372028.25,1182301.375,226283.5,10965.75,0,2818597448088286a32b9b95b54ca7490acc072b1c90f8aae854e5d264652975,1.0,1.0,7.0,7.0,2.6293065,1.0,0.5,"{'count': 1, 'min': 354.53638163714265, 'p50': 354.53638163714265, 'p95': 354.53638163714265, 'p99': 354.53638163714265, 'max': 354.53638163714265, 'mean': 354.53638163714265}",2.659019,2.8240962,2.84048404,2.84048404,372.12146025856765,synthetic-clustered,0,0.0,{},{},0,0.0,0.5625,14.0,18.0,5,40.25,5.0,0.0,0.0,1.0,1.75,2.25,2.0,1.0,20.25,0.0,group_pruning_beta0,pruned,"{'count': 1, 'min': 394.39668793549407, 'p50': 394.39668793549407, 'p95': 394.39668793549407, 'p99': 394.39668793549407, 'max': 394.39668793549407, 'mean': 394.39668793549407}",2.329846,2.5075028500000003,2.52563257,2.52563257,424.70748537387055,1.0,"{'count': 8, 'min': 38.42637521334928, 'p50': 44.96463476936279, 'p95': 48.52567587665797, 'p99': 49.58232845201284, 'max': 49.84649159585156, 'mean': 44.34475206156701}",2.694963,"{'count': 8, 'min': 0.0, 'p50': 0.0, 'p95': 0.0, 'p99': 0.0, 'max': 0.0, 'mean': 0.0}",0.0,fewer_than_1000_unique_test_queries,"{'paired_queries': 8, 'median': 0.635545613700621, 'bootstrap_95pct_lower': 0.5980792953338295, 'bootstrap_95pct_upper': 0.6561573899252322, 'bootstrap_resamples': 2000, 'seed': 8449310371547694787, 'ratio_definition': 'delta_flat_E2E_query_median / method_E2E_query_median'}",True,8,1,"{'count': 8, 'min': 0.0, 'p50': 0.0, 'p95': 0.0, 'p99': 0.0, 'max': 0.0, 'mean': 0.0}",0.0,0.0,True,offline-smoke-20260905T121406.178089Z-43d3397eca,aa18c94a51998944a2d6ac6eb04be025ba4209c5911044bada3e93f4055b815d,"{'count': 8, 'min': 2.917486375108957, 'p50': 3.112244821529495, 'p95': 3.413959324765648, 'p99': 3.463295852629357, 'max': 3.475629984595284, 'mean': 3.135420435288103}",0,"{'count': 0, 'min': None, 'p50': None, 'p95': None, 'p99': None, 'max': None, 'mean': None}",8
0,"{'count': 8, 'min': 0.0, 'p50': 0.0, 'p95': 0.0, 'p99': 0.0, 'max': 0.0, 'mean': 0.0}",0.0,59877.125,,140062.625,,,,96723.75,,12106.875,148982.75,372993.375,1169341.375,218166.625,10981.25,0,2818597448088286a32b9b95b54ca7490acc072b1c90f8aae854e5d264652975,1.0,1.0,7.0,7.0,2.7200525,1.0,0.5,"{'count': 1, 'min': 340.90764786251333, 'p50': 340.90764786251333, 'p95': 340.90764786251333, 'p99': 340.90764786251333, 'max': 340.90764786251333, 'mean': 340.90764786251333}",2.7455795,2.8823189,2.89102298,2.89102298,361.79292998727936,synthetic-clustered,0,0.0,{},{},0,0.0,0.5625,14.0,18.0,5,76.5,5.0,0.0,0.0,1.0,1.75,2.25,2.0,1.0,20.25,0.0,group_pruning_beta0_recompute_intervals_ablation,pruned_recompute,"{'count': 1, 'min': 380.24588409972364, 'p50': 380.24588409972364, 'p95': 380.24588409972364, 'p99': 380.24588409972364, 'max': 380.24588409972364, 'mean': 380.24588409972364}",2.399719,2.56385925,2.5708214500000004,2.5708214500000004,411.3061267697924,1.0,"{'count': 8, 'min': 38.42637521334928, 'p50': 44.96463476936279, 'p95': 48.52567587665797, 'p99': 49.58232845201284, 'max': 49.84649159585156, 'mean': 44.34475206156701}",2.762617,"{'count': 8, 'min': 0.0, 'p50': 0.0, 'p95': 0.0, 'p99': 0.0, 'max': 0.0, 'mean': 0.0}",0.0,fewer_than_1000_unique_test_queries,"{'paired_queries': 8, 'median': 0.6174647319612445, 'bootstrap_95pct_lower': 0.5944157341097294, 'bootstrap_95pct_upper': 0.635598018918306, 'bootstrap_resamples': 2000, 'seed': 7046784404930685658, 'ratio_definition': 'delta_flat_E2E_query_median / method_E2E_query_median'}",True,8,1,"{'count': 8, 'min': 0.0, 'p50': 0.0, 'p95': 0.0, 'p99': 0.0, 'max': 0.0, 'mean': 0.0}",0.0,0.0,True,offline-smoke-20260905T121406.178089Z-43d3397eca,aa18c94a51998944a2d6ac6eb04be025ba4209c5911044bada3e93f4055b815d,"{'count': 8, 'min': 2.917486375108957, 'p50': 3.112244821529495, 'p95': 3.413959324765648, 'p99': 3.463295852629357, 'max': 3.475629984595284, 'mean': 3.135420435288103}",0,"{'count': 0, 'min': None, 'p50': None, 'p95': None, 'p99': None, 'max': None, 'mean': None}",8
0,"{'count': 8, 'min': 0.0, 'p50': 0.0, 'p95': 0.0, 'p99': 0.0, 'max': 0.0, 'mean': 0.0}",0.0,59877.125,,136189.75,,,,0.0,,11970.375,148345.375,370102.25,1174654.375,218073.0,11111.5,0,2818597448088286a32b9b95b54ca7490acc072b1c90f8aae854e5d264652975,1.0,1.0,7.0,7.0,2.632172,1.0,0.5,"{'count': 1, 'min': 349.1436335884206, 'p50': 349.1436335884206, 'p95': 349.1436335884206, 'p99': 349.1436335884206, 'max': 349.1436335884206, 'mean': 349.1436335884206}",2.6566705,2.8016851000000003,2.81111942,2.81111942,374.6087738151089,synthetic-clustered,0,0.0,{},{},0,0.0,0.5625,14.0,18.0,5,40.25,5.0,0.0,0.0,1.0,1.75,2.25,2.0,1.0,20.25,0.0,group_pruning_beta_factor_0p05,pruned,"{'count': 1, 'min': 386.99076369144296, 'p50': 386.99076369144296, 'p95': 386.99076369144296, 'p99': 386.99076369144296, 'max': 386.99076369144296, 'mean': 386.99076369144296}",2.311878,2.4832254500000004,2.49091789,2.49091789,427.95051822133064,1.0,"{'count': 8, 'min': 38.42637521334928, 'p50': 44.96463476936279, 'p95': 48.52567587665797, 'p99': 49.58232845201284, 'max': 49.84649159585156, 'mean': 44.34475206156701}",2.6566705,"{'count': 8, 'min': 0.0, 'p50': 0.0, 'p95': 0.0, 'p99': 0.0, 'max': 0.0, 'mean': 0.0}",0.0,fewer_than_1000_unique_test_queries,"{'paired_queries': 8, 'median': 0.6398202670466316, 'bootstrap_95pct_lower': 0.6120205742604461, 'bootstrap_95pct_upper': 0.6649718705428845, 'bootstrap_resamples': 2000, 'seed': 14141545721890025913, 'ratio_definition': 'delta_flat_E2E_query_median / method_E2E_query_median'}",True,8,1,"{'count': 8, 'min': 0.17770657991298278, 'p50': 0.17770657991298278, 'p95': 0.17770657991298278, 'p99': 0.17770657991298278, 'max': 0.17770657991298278, 'mean': 0.17770657991298278}",0.17770657991298278,0.17770657991298278,True,offline-smoke-20260905T121406.178089Z-43d3397eca,aa18c94a51998944a2d6ac6eb04be025ba4209c5911044bada3e93f4055b815d,"{'count': 8, 'min': 2.917486375108957, 'p50': 3.112244821529495, 'p95': 3.413959324765648, 'p99': 3.463295852629357, 'max': 3.475629984595284, 'mean': 3.135420435288103}",0,"{'count': 0, 'min': None, 'p50': None, 'p95': None, 'p99': None, 'max': None, 'mean': None}",8
0,"{'count': 8, 'min': 0.0, 'p50': 0.0, 'p95': 0.0, 'p99': 0.0, 'max': 0.0, 'mean': 0.0}",0.0,59877.125,,140485.125,,,,0.0,,12024.25,329086.5,378194.0,1182265.5,217626.625,11178.375,0,2818597448088286a32b9b95b54ca7490acc072b1c90f8aae854e5d264652975,1.0,1.0,7.0,7.0,2.847216,1.0,0.5,"{'count': 1, 'min': 334.18785167005365, 'p50': 334.18785167005365, 'p95': 334.18785167005365, 'p99': 334.18785167005365, 'max': 334.18785167005365, 'mean': 334.18785167005365}",2.8359175,2.8981596499999998,2.90273513,2.90273513,352.07187476909036,synthetic-clustered,0,0.0,{},{},0,0.0,0.0,32.0,0.0,5,44.0,5.0,0.0,0.0,1.0,4.0,0.0,2.0,1.0,24.0,0.0,grouping_no_pruning_ablation,no_pruning,"{'count': 1, 'min': 368.9904826284816, 'p50': 368.9904826284816, 'p95': 368.9904826284816, 'p99': 368.9904826284816, 'max': 368.9904826284816, 'mean': 368.9904826284816}",2.499337,2.56091125,2.57333905,2.57333905,398.7882818057333,1.0,"{'count': 0, 'min': None, 'p50': None, 'p95': None, 'p99': None, 'max': None, 'mean': None}",2.8195035,"{'count': 8, 'min': 0.0, 'p50': 0.0, 'p95': 0.0, 'p99': 0.0, 'max': 0.0, 'mean': 0.0}",0.0,fewer_than_1000_unique_test_queries,"{'paired_queries': 8, 'median': 0.5968936114398917, 'bootstrap_95pct_lower': 0.5910793660612615, 'bootstrap_95pct_upper': 0.5983844368170987, 'bootstrap_resamples': 2000, 'seed': 8599325711739022185, 'ratio_definition': 'delta_flat_E2E_query_median / method_E2E_query_median'}",True,8,1,"{'count': 8, 'min': 0.0, 'p50': 0.0, 'p95': 0.0, 'p99': 0.0, 'max': 0.0, 'mean': 0.0}",0.0,0.0,True,offline-smoke-20260905T121406.178089Z-43d3397eca,aa18c94a51998944a2d6ac6eb04be025ba4209c5911044bada3e93f4055b815d,"{'count': 8, 'min': 2.917486375108957, 'p50': 3.112244821529495, 'p95': 3.413959324765648, 'p99': 3.463295852629357, 'max': 3.475629984595284, 'mean': 3.135420435288103}",0,"{'count': 0, 'min': None, 'p50': None, 'p95': None, 'p99': None, 'max': None, 'mean': None}",8
0,"{'count': 8, 'min': 0.0, 'p50': 0.0, 'p95': 0.0, 'p99': 0.0, 'max': 0.0, 'mean': 0.0}",0.0,60008.625,172483.0,,,,,,,0.0,0.0,0.0,1159539.375,212137.5,1303.25,0,20b08b6cbdc7f2c9d674f54eba9a46225f3eeaef27432a52303794859b0818c0,1.0,1.0,25.0,25.0,1.998277,1.0,1.0,"{'count': 0, 'min': None, 'p50': None, 'p95': None, 'p99': None, 'max': None, 'mean': None}",,,,2.06057939,,synthetic-delta-near-queries,0,0.0,{},{},0,0.0,0.0,16.0,0.0,5,40.0,5.0,0.0,0.0,1.0,2.0,0.0,2.0,1.0,24.0,0.0,certified_full_delta_reference,certified_full,"{'count': 0, 'min': None, 'p50': None, 'p95': None, 'p99': None, 'max': None, 'mean': None}",,,,1.69014095,,1.0,"{'count': 0, 'min': None, 'p50': None, 'p95': None, 'p99': None, 'max': None, 'mean': None}",,"{'count': 8, 'min': 0.0, 'p50': 0.0, 'p95': 0.0, 'p99': 0.0, 'max': 0.0, 'mean': 0.0}",0.0,fewer_than_1000_unique_test_queries,"{'paired_queries': 0, 'median': None, 'bootstrap_95pct_lower': None, 'bootstrap_95pct_upper': None, 'bootstrap_resamples': 0, 'seed': None, 'reason': 'truth_generation_is_not_a_performance_method'}",False,8,1,"{'count': 8, 'min': 0.0, 'p50': 0.0, 'p95': 0.0, 'p99': 0.0, 'max': 0.0, 'mean': 0.0}",0.0,0.0,True,offline-smoke-20260905T121406.178089Z-43d3397eca,3ef146be427aaeb2f2a5852d2bf3694a60f6f85bcaaf768333a1d0237117ccf2,"{'count': 8, 'min': 2.7596056487865597, 'p50': 3.3878954739808913, 'p95': 4.051184131266974, 'p99': 4.2092391737108406, 'max': 4.248752934321807, 'mean': 3.3906852882421536}",0,"{'count': 8, 'min': 1.957287, 'p50': 1.998277, 'p95': 2.05136095, 'p99': 2.06057939, 'max': 2.062884, 'mean': 2.00378575}",8
0,"{'count': 0, 'min': None, 'p50': None, 'p95': None, 'p99': None, 'max': None, 'mean': None}",,,,,21565.125,,,,,,,,1317542.25,,,0,20b08b6cbdc7f2c9d674f54eba9a46225f3eeaef27432a52303794859b0818c0,1.0,1.0,25.0,25.0,1.699414,1.0,1.0,"{'count': 1, 'min': 609.478394676572, 'p50': 609.478394676572, 'p95': 609.478394676572, 'p99': 609.478394676572, 'max': 609.478394676572, 'mean': 609.478394676572}",1.699414,1.7918634,1.80503908,1.80503908,585.1323287732752,synthetic-delta-near-queries,0,0.0,{},{},0,0.0,,0,0,5,,,0.0,0.0,1.0,,,,1.0,24.0,,delta_flat_full_scan,delta_flat,"{'count': 1, 'min': 732.2859569338967, 'p50': 732.2859569338967, 'p95': 732.2859569338967, 'p99': 732.2859569338967, 'max': 732.2859569338967, 'mean': 732.2859569338967}",1.364951,1.41887005,1.42821001,1.42821001,726.9059041205661,1.0,"{'count': 0, 'min': None, 'p50': None, 'p95': None, 'p99': None, 'max': None, 'mean': None}",,"{'count': 8, 'min': 0.0, 'p50': 0.0, 'p95': 0.0, 'p99': 0.0, 'max': 0.0, 'mean': 0.0}",0.0,fewer_than_1000_unique_test_queries,"{'paired_queries': 8, 'median': 1.0, 'bootstrap_95pct_lower': 1.0, 'bootstrap_95pct_upper': 1.0, 'bootstrap_resamples': 2000, 'seed': 14229054718480206893, 'ratio_definition': 'delta_flat_E2E_query_median / method_E2E_query_median'}",True,8,1,"{'count': 8, 'min': 0.0, 'p50': 0.0, 'p95': 0.0, 'p99': 0.0, 'max': 0.0, 'mean': 0.0}",0.0,0.0,True,offline-smoke-20260905T121406.178089Z-43d3397eca,3ef146be427aaeb2f2a5852d2bf3694a60f6f85bcaaf768333a1d0237117ccf2,"{'count': 8, 'min': 2.7596056487865597, 'p50': 3.3878954739808913, 'p95': 4.051184131266974, 'p99': 4.2092391737108406, 'max': 4.248752934321807, 'mean': 3.3906852882421536}",0,"{'count': 0, 'min': None, 'p50': None, 'p95': None, 'p99': None, 'max': None, 'mean': None}",8
0,"{'count': 0, 'min': None, 'p50': None, 'p95': None, 'p99': None, 'max': None, 'mean': None}",,,,,24383.625,,,,,,,,1315142.375,,,0,20b08b6cbdc7f2c9d674f54eba9a46225f3eeaef27432a52303794859b0818c0,1.0,1.0,25.0,25.0,1.707346,1.0,1.0,"{'count': 1, 'min': 603.9401356419347, 'p50': 603.9401356419347, 'p95': 603.9401356419347, 'p99': 603.9401356419347, 'max': 603.9401356419347, 'mean': 603.9401356419347}",1.707346,1.743393,1.746277,1.746277,584.8547049111932,synthetic-delta-near-queries,0,0.0,{},{},0,0.0,,0,0,5,,,0.0,0.0,1.0,,,,1.0,,,delta_hnsw_ef24,delta_hnsw,"{'count': 1, 'min': 723.1783544040387, 'p50': 723.1783544040387, 'p95': 723.1783544040387, 'p99': 723.1783544040387, 'max': 723.1783544040387, 'mean': 723.1783544040387}",1.3680635,1.4090196000000001,1.41334952,1.41334952,726.4774985854121,1.0,"{'count': 0, 'min': None, 'p50': None, 'p95': None, 'p99': None, 'max': None, 'mean': None}",,"{'count': 8, 'min': 0.0, 'p50': 0.0, 'p95': 0.0, 'p99': 0.0, 'max': 0.0, 'mean': 0.0}",0.0,fewer_than_1000_unique_test_queries,"{'paired_queries': 8, 'median': 0.9935114786434731, 'bootstrap_95pct_lower': 0.9871416731104927, 'bootstrap_95pct_upper': 1.003567234547655, 'bootstrap_resamples': 2000, 'seed': 3219894516836530718, 'ratio_definition': 'delta_flat_E2E_query_median / method_E2E_query_median'}",True,8,1,"{'count': 0, 'min': None, 'p50': None, 'p95': None, 'p99': None, 'max': None, 'mean': None}",,,True,offline-smoke-20260905T121406.178089Z-43d3397eca,3ef146be427aaeb2f2a5852d2bf3694a60f6f85bcaaf768333a1d0237117ccf2,"{'count': 8, 'min': 2.7596056487865597, 'p50': 3.3878954739808913, 'p95': 4.051184131266974, 'p99': 4.2092391737108406, 'max': 4.248752934321807, 'mean': 3.3906852882421536}",0,"{'count': 0, 'min': None, 'p50': None, 'p95': None, 'p99': None, 'max': None, 'mean': None}",8
0,"{'count': 0, 'min': None, 'p50': None, 'p95': None, 'p99': None, 'max': None, 'mean': None}",,,,,23010.25,,,,,,,,1315050.5,,,0,20b08b6cbdc7f2c9d674f54eba9a46225f3eeaef27432a52303794859b0818c0,1.0,1.0,25.0,25.0,1.680221,1.0,1.0,"{'count': 1, 'min': 606.2678394311753, 'p50': 606.2678394311753, 'p95': 606.2678394311753, 'p99': 606.2678394311753, 'max': 606.2678394311753, 'mean': 606.2678394311753}",1.680221,1.79467045,1.8028500900000002,1.8028500900000002,585.467410834777,synthetic-delta-near-queries,0,0.0,{},{},0,0.0,,0,0,5,,,0.0,0.0,1.0,,,,1.0,,,delta_hnsw_ef8,delta_hnsw,"{'count': 1, 'min': 726.4193826125346, 'p50': 726.4193826125346, 'p95': 726.4193826125346, 'p99': 726.4193826125346, 'max': 726.4193826125346, 'mean': 726.4193826125346}",1.368651,1.4146900500000001,1.42462361,1.42462361,727.4231054674393,1.0,"{'count': 0, 'min': None, 'p50': None, 'p95': None, 'p99': None, 'max': None, 'mean': None}",,"{'count': 8, 'min': 0.0, 'p50': 0.0, 'p95': 0.0, 'p99': 0.0, 'max': 0.0, 'mean': 0.0}",0.0,fewer_than_1000_unique_test_queries,"{'paired_queries': 8, 'median': 1.0005229206893862, 'bootstrap_95pct_lower': 0.9826590419013783, 'bootstrap_95pct_upper': 1.0175585553658302, 'bootstrap_resamples': 2000, 'seed': 4105523706530716890, 'ratio_definition': 'delta_flat_E2E_query_median / method_E2E_query_median'}",True,8,1,"{'count': 0, 'min': None, 'p50': None, 'p95': None, 'p99': None, 'max': None, 'mean': None}",,,True,offline-smoke-20260905T121406.178089Z-43d3397eca,3ef146be427aaeb2f2a5852d2bf3694a60f6f85bcaaf768333a1d0237117ccf2,"{'count': 8, 'min': 2.7596056487865597, 'p50': 3.3878954739808913, 'p95': 4.051184131266974, 'p99': 4.2092391737108406, 'max': 4.248752934321807, 'mean': 3.3906852882421536}",0,"{'count': 0, 'min': None, 'p50': None, 'p95': None, 'p99': None, 'max': None, 'mean': None}",8
0,"{'count': 0, 'min': None, 'p50': None, 'p95': None, 'p99': None, 'max': None, 'mean': None}",,,,,,,1253511.625,,,,,,,,,0,20b08b6cbdc7f2c9d674f54eba9a46225f3eeaef27432a52303794859b0818c0,1.0,1.0,25.0,25.0,1.288167,1.0,1.0,"{'count': 0, 'min': None, 'p50': None, 'p95': None, 'p99': None, 'max': None, 'mean': None}",,,,1.30273437,,synthetic-delta-near-queries,0,0.0,{},{},0,0.0,,0,0,5,,,0.0,0.0,1.0,,,,1.0,120.0,,full_base_delta_exact_flat,full_exact_truth,"{'count': 0, 'min': None, 'p50': None, 'p95': None, 'p99': None, 'max': None, 'mean': None}",,,,,,1.0,"{'count': 0, 'min': None, 'p50': None, 'p95': None, 'p99': None, 'max': None, 'mean': None}",,"{'count': 0, 'min': None, 'p50': None, 'p95': None, 'p99': None, 'max': None, 'mean': None}",,fewer_than_1000_unique_test_queries,"{'paired_queries': 0, 'median': None, 'bootstrap_95pct_lower': None, 'bootstrap_95pct_upper': None, 'bootstrap_resamples': 0, 'seed': None, 'reason': 'truth_generation_is_not_a_performance_method'}",False,8,1,"{'count': 0, 'min': None, 'p50': None, 'p95': None, 'p99': None, 'max': None, 'mean': None}",,,True,offline-smoke-20260905T121406.178089Z-43d3397eca,3ef146be427aaeb2f2a5852d2bf3694a60f6f85bcaaf768333a1d0237117ccf2,"{'count': 8, 'min': 2.7596056487865597, 'p50': 3.3878954739808913, 'p95': 4.051184131266974, 'p99': 4.2092391737108406, 'max': 4.248752934321807, 'mean': 3.3906852882421536}",0,"{'count': 8, 'min': 1.276652, 'p50': 1.288167, 'p95': 1.30155585, 'p99': 1.30273437, 'max': 1.303029, 'mean': 1.289604}",8
0,"{'count': 0, 'min': None, 'p50': None, 'p95': None, 'p99': None, 'max': None, 'mean': None}",,,,,,1256969.5,,,17775.125,,,,,,,0,20b08b6cbdc7f2c9d674f54eba9a46225f3eeaef27432a52303794859b0818c0,1.0,1.0,25.0,25.0,1.3124695,1.0,1.0,"{'count': 1, 'min': 761.9613647490004, 'p50': 761.9613647490004, 'p95': 761.9613647490004, 'p99': 761.9613647490004, 'max': 761.9613647490004, 'mean': 761.9613647490004}",1.3124695,1.3411755,1.3459495,1.3459495,760.255875518744,synthetic-delta-near-queries,0,0.0,{},{},0,0.0,,0,0,5,,,0.0,0.0,1.0,,,,1.0,120.0,,full_base_delta_flat_scan_performance,full_flat_performance,"{'count': 1, 'min': 761.9613647490004, 'p50': 761.9613647490004, 'p95': 761.9613647490004, 'p99': 761.9613647490004, 'max': 761.9613647490004, 'mean': 761.9613647490004}",,,,,,1.0,"{'count': 0, 'min': None, 'p50': None, 'p95': None, 'p99': None, 'max': None, 'mean': None}",,"{'count': 0, 'min': None, 'p50': None, 'p95': None, 'p99': None, 'max': None, 'mean': None}",,fewer_than_1000_unique_test_queries,"{'paired_queries': 8, 'median': 1.2787977768833603, 'bootstrap_95pct_lower': 1.2660393143118436, 'bootstrap_95pct_upper': 1.3620588988159452, 'bootstrap_resamples': 2000, 'seed': 1213777427573232983, 'ratio_definition': 'delta_flat_E2E_query_median / method_E2E_query_median'}",True,8,1,"{'count': 0, 'min': None, 'p50': None, 'p95': None, 'p99': None, 'max': None, 'mean': None}",,,True,offline-smoke-20260905T121406.178089Z-43d3397eca,3ef146be427aaeb2f2a5852d2bf3694a60f6f85bcaaf768333a1d0237117ccf2,"{'count': 8, 'min': 2.7596056487865597, 'p50': 3.3878954739808913, 'p95': 4.051184131266974, 'p99': 4.2092391737108406, 'max': 4.248752934321807, 'mean': 3.3906852882421536}",0,"{'count': 0, 'min': None, 'p50': None, 'p95': None, 'p99': None, 'max': None, 'mean': None}",8
0,"{'count': 0, 'min': None, 'p50': None, 'p95': None, 'p99': None, 'max': None, 'mean': None}",,,,,,,,,24358.5,,,,,,,0,20b08b6cbdc7f2c9d674f54eba9a46225f3eeaef27432a52303794859b0818c0,1.0,1.0,25.0,25.0,0.072272,1.0,1.0,"{'count': 1, 'min': 15287.188953477262, 'p50': 15287.188953477262, 'p95': 15287.188953477262, 'p99': 15287.188953477262, 'max': 15287.188953477262, 'mean': 15287.188953477262}",0.072272,0.09047309999999999,0.09600422,0.09600422,13488.79165718236,synthetic-delta-near-queries,0,0.0,{},{},0,0.0,,0,0,5,,,0.0,0.0,1.0,,,,1.0,,,full_base_delta_hnsw_ef24,full_hnsw,"{'count': 1, 'min': 15287.188953477262, 'p50': 15287.188953477262, 'p95': 15287.188953477262, 'p99': 15287.188953477262, 'max': 15287.188953477262, 'mean': 15287.188953477262}",,,,,,1.0,"{'count': 0, 'min': None, 'p50': None, 'p95': None, 'p99': None, 'max': None, 'mean': None}",,"{'count': 0, 'min': None, 'p50': None, 'p95': None, 'p99': None, 'max': None, 'mean': None}",,fewer_than_1000_unique_test_queries,"{'paired_queries': 8, 'median': 23.50968305267018, 'bootstrap_95pct_lower': 21.47025105303157, 'bootstrap_95pct_upper': 25.327147439039763, 'bootstrap_resamples': 2000, 'seed': 15838982420199105131, 'ratio_definition': 'delta_flat_E2E_query_median / method_E2E_query_median'}",True,8,1,"{'count': 0, 'min': None, 'p50': None, 'p95': None, 'p99': None, 'max': None, 'mean': None}",,,True,offline-smoke-20260905T121406.178089Z-43d3397eca,3ef146be427aaeb2f2a5852d2bf3694a60f6f85bcaaf768333a1d0237117ccf2,"{'count': 8, 'min': 2.7596056244533655, 'p50': 3.3878954922319657, 'p95': 4.051183959909901, 'p99': 4.209238900253061, 'max': 4.2487526353388505, 'mean': 3.3906852456181413}",0,"{'count': 0, 'min': None, 'p50': None, 'p95': None, 'p99': None, 'max': None, 'mean': None}",8
0,"{'count': 0, 'min': None, 'p50': None, 'p95': None, 'p99': None, 'max': None, 'mean': None}",,,,,,,,,17662.75,,,,,,,0,20b08b6cbdc7f2c9d674f54eba9a46225f3eeaef27432a52303794859b0818c0,1.0,1.0,25.0,25.0,0.0666805,1.0,1.0,"{'count': 1, 'min': 13671.334288048178, 'p50': 13671.334288048178, 'p95': 13671.334288048178, 'p99': 13671.334288048178, 'max': 13671.334288048178, 'mean': 13671.334288048178}",0.0666805,0.07543230000000001,0.07581366,0.07581366,14739.69695183067,synthetic-delta-near-queries,0,0.0,{},{},0,0.0,,0,0,5,,,0.0,0.0,1.0,,,,1.0,,,full_base_delta_hnsw_ef8,full_hnsw,"{'count': 1, 'min': 13671.334288048178, 'p50': 13671.334288048178, 'p95': 13671.334288048178, 'p99': 13671.334288048178, 'max': 13671.334288048178, 'mean': 13671.334288048178}",,,,,,1.0,"{'count': 0, 'min': None, 'p50': None, 'p95': None, 'p99': None, 'max': None, 'mean': None}",,"{'count': 0, 'min': None, 'p50': None, 'p95': None, 'p99': None, 'max': None, 'mean': None}",,fewer_than_1000_unique_test_queries,"{'paired_queries': 8, 'median': 25.369885187550622, 'bootstrap_95pct_lower': 24.257622707821913, 'bootstrap_95pct_upper': 26.358479448346152, 'bootstrap_resamples': 2000, 'seed': 3716335334749776582, 'ratio_definition': 'delta_flat_E2E_query_median / method_E2E_query_median'}",True,8,1,"{'count': 0, 'min': None, 'p50': None, 'p95': None, 'p99': None, 'max': None, 'mean': None}",,,True,offline-smoke-20260905T121406.178089Z-43d3397eca,3ef146be427aaeb2f2a5852d2bf3694a60f6f85bcaaf768333a1d0237117ccf2,"{'count': 8, 'min': 2.7596056244533655, 'p50': 3.3878954922319657, 'p95': 4.051183959909901, 'p99': 4.209238900253061, 'max': 4.2487526353388505, 'mean': 3.3906852456181413}",0,"{'count': 0, 'min': None, 'p50': None, 'p95': None, 'p99': None, 'max': None, 'mean': None}",8
0,"{'count': 8, 'min': 0.0, 'p50': 0.0, 'p95': 0.0, 'p99': 0.0, 'max': 0.0, 'mean': 0.0}",0.0,60008.625,,139316.375,,,,0.0,,3626.875,168957.875,191630.0,1187744.375,215145.25,10456.875,0,20b08b6cbdc7f2c9d674f54eba9a46225f3eeaef27432a52303794859b0818c0,1.0,1.0,25.0,25.0,2.457932,1.0,1.0,"{'count': 1, 'min': 380.9191865661231, 'p50': 380.9191865661231, 'p95': 380.9191865661231, 'p99': 380.9191865661231, 'max': 380.9191865661231, 'mean': 380.9191865661231}",2.457932,2.4899639500000004,2.49632079,2.49632079,407.25894266822417,synthetic-delta-near-queries,0,0.0,{},{},0,0.0,0.0,16.0,0.0,5,42.0,5.0,0.0,0.0,1.0,2.0,0.0,2.0,1.0,24.0,0.0,group_pruning_beta0,pruned,"{'count': 1, 'min': 428.63119200619974, 'p50': 428.63119200619974, 'p95': 428.63119200619974, 'p99': 428.63119200619974, 'max': 428.63119200619974, 'mean': 428.63119200619974}",2.1145075,2.1529974,2.16115548,2.16115548,471.22710837610896,1.0,"{'count': 0, 'min': None, 'p50': None, 'p95': None, 'p99': None, 'max': None, 'mean': None}",,"{'count': 8, 'min': 0.0, 'p50': 0.0, 'p95': 0.0, 'p99': 0.0, 'max': 0.0, 'mean': 0.0}",0.0,fewer_than_1000_unique_test_queries,"{'paired_queries': 8, 'median': 0.6925795740563587, 'bootstrap_95pct_lower': 0.683413616180001, 'bootstrap_95pct_upper': 0.705100263820554, 'bootstrap_resamples': 2000, 'seed': 16844823276070951397, 'ratio_definition': 'delta_flat_E2E_query_median / method_E2E_query_median'}",True,8,1,"{'count': 8, 'min': 0.0, 'p50': 0.0, 'p95': 0.0, 'p99': 0.0, 'max': 0.0, 'mean': 0.0}",0.0,0.0,True,offline-smoke-20260905T121406.178089Z-43d3397eca,3ef146be427aaeb2f2a5852d2bf3694a60f6f85bcaaf768333a1d0237117ccf2,"{'count': 8, 'min': 2.7596056487865597, 'p50': 3.3878954739808913, 'p95': 4.051184131266974, 'p99': 4.2092391737108406, 'max': 4.248752934321807, 'mean': 3.3906852882421536}",0,"{'count': 0, 'min': None, 'p50': None, 'p95': None, 'p99': None, 'max': None, 'mean': None}",8
0,"{'count': 8, 'min': 0.0, 'p50': 0.0, 'p95': 0.0, 'p99': 0.0, 'max': 0.0, 'mean': 0.0}",0.0,60008.625,,142146.5,,,,92577.875,,3741.375,170088.375,193157.875,1185103.375,216055.125,10247.875,0,20b08b6cbdc7f2c9d674f54eba9a46225f3eeaef27432a52303794859b0818c0,1.0,1.0,25.0,25.0,2.534521,1.0,1.0,"{'count': 1, 'min': 370.4338586178057, 'p50': 370.4338586178057, 'p95': 370.4338586178057, 'p99': 370.4338586178057, 'max': 370.4338586178057, 'mean': 370.4338586178057}",2.534521,2.661938,2.6802052,2.6802052,391.5976459499111,synthetic-delta-near-queries,0,0.0,{},{},0,0.0,0.0,16.0,0.0,5,82.0,5.0,0.0,0.0,1.0,2.0,0.0,2.0,1.0,24.0,0.0,group_pruning_beta0_recompute_intervals_ablation,pruned_recompute,"{'count': 1, 'min': 414.3517782372709, 'p50': 414.3517782372709, 'p95': 414.3517782372709, 'p99': 414.3517782372709, 'max': 414.3517782372709, 'mean': 414.3517782372709}",2.2155455,2.2763409,2.29124418,2.29124418,450.385479301916,1.0,"{'count': 0, 'min': None, 'p50': None, 'p95': None, 'p99': None, 'max': None, 'mean': None}",,"{'count': 8, 'min': 0.0, 'p50': 0.0, 'p95': 0.0, 'p99': 0.0, 'max': 0.0, 'mean': 0.0}",0.0,fewer_than_1000_unique_test_queries,"{'paired_queries': 8, 'median': 0.6660892626348226, 'bootstrap_95pct_lower': 0.6597512613611797, 'bootstrap_95pct_upper': 0.6815230670963158, 'bootstrap_resamples': 2000, 'seed': 6957938496021667882, 'ratio_definition': 'delta_flat_E2E_query_median / method_E2E_query_median'}",True,8,1,"{'count': 8, 'min': 0.0, 'p50': 0.0, 'p95': 0.0, 'p99': 0.0, 'max': 0.0, 'mean': 0.0}",0.0,0.0,True,offline-smoke-20260905T121406.178089Z-43d3397eca,3ef146be427aaeb2f2a5852d2bf3694a60f6f85bcaaf768333a1d0237117ccf2,"{'count': 8, 'min': 2.7596056487865597, 'p50': 3.3878954739808913, 'p95': 4.051184131266974, 'p99': 4.2092391737108406, 'max': 4.248752934321807, 'mean': 3.3906852882421536}",0,"{'count': 0, 'min': None, 'p50': None, 'p95': None, 'p99': None, 'max': None, 'mean': None}",8
0,"{'count': 8, 'min': 0.0, 'p50': 0.0, 'p95': 0.0, 'p99': 0.0, 'max': 0.0, 'mean': 0.0}",0.0,60008.625,,136891.375,,,,0.0,,3611.0,169803.5,191174.0,1187221.0,215278.375,10266.375,0,20b08b6cbdc7f2c9d674f54eba9a46225f3eeaef27432a52303794859b0818c0,1.0,1.0,25.0,25.0,2.4482155,1.0,1.0,"{'count': 1, 'min': 381.7112957151762, 'p50': 381.7112957151762, 'p95': 381.7112957151762, 'p99': 381.7112957151762, 'max': 381.7112957151762, 'mean': 381.7112957151762}",2.4482155,2.4939782999999998,2.4997468599999997,2.4997468599999997,407.31098784522914,synthetic-delta-near-queries,0,0.0,{},{},0,0.0,0.0,16.0,0.0,5,42.0,5.0,0.0,0.0,1.0,2.0,0.0,2.0,1.0,24.0,0.0,group_pruning_beta_factor_0p05,pruned,"{'count': 1, 'min': 429.06697027445483, 'p50': 429.06697027445483, 'p95': 429.06697027445483, 'p99': 429.06697027445483, 'max': 429.06697027445483, 'mean': 429.06697027445483}",2.1210825,2.1555451,2.16677142,2.16677142,471.29678843051215,1.0,"{'count': 0, 'min': None, 'p50': None, 'p95': None, 'p99': None, 'max': None, 'mean': None}",,"{'count': 8, 'min': 0.0, 'p50': 0.0, 'p95': 0.0, 'p99': 0.0, 'max': 0.0, 'mean': 0.0}",0.0,fewer_than_1000_unique_test_queries,"{'paired_queries': 8, 'median': 0.6941528779187522, 'bootstrap_95pct_lower': 0.6844717106619225, 'bootstrap_95pct_upper': 0.7041758939448398, 'bootstrap_resamples': 2000, 'seed': 10086013387392520382, 'ratio_definition': 'delta_flat_E2E_query_median / method_E2E_query_median'}",True,8,1,"{'count': 8, 'min': 0.18364213137742397, 'p50': 0.18364213137742397, 'p95': 0.18364213137742397, 'p99': 0.18364213137742397, 'max': 0.18364213137742397, 'mean': 0.18364213137742397}",0.18364213137742397,0.18364213137742397,True,offline-smoke-20260905T121406.178089Z-43d3397eca,3ef146be427aaeb2f2a5852d2bf3694a60f6f85bcaaf768333a1d0237117ccf2,"{'count': 8, 'min': 2.7596056487865597, 'p50': 3.3878954739808913, 'p95': 4.051184131266974, 'p99': 4.2092391737108406, 'max': 4.248752934321807, 'mean': 3.3906852882421536}",0,"{'count': 0, 'min': None, 'p50': None, 'p95': None, 'p99': None, 'max': None, 'mean': None}",8
0,"{'count': 8, 'min': 0.0, 'p50': 0.0, 'p95': 0.0, 'p99': 0.0, 'max': 0.0, 'mean': 0.0}",0.0,60008.625,,136400.0,,,,0.0,,3582.75,167944.25,190452.0,1192205.5,222182.0,10045.0,0,20b08b6cbdc7f2c9d674f54eba9a46225f3eeaef27432a52303794859b0818c0,1.0,1.0,25.0,25.0,2.4525745,1.0,1.0,"{'count': 1, 'min': 379.10113982444204, 'p50': 379.10113982444204, 'p95': 379.10113982444204, 'p99': 379.10113982444204, 'max': 379.10113982444204, 'mean': 379.10113982444204}",2.4525745,2.5056418,2.50884276,2.50884276,407.0714829736246,synthetic-delta-near-queries,0,0.0,{},{},0,0.0,0.0,16.0,0.0,5,42.0,5.0,0.0,0.0,1.0,2.0,0.0,2.0,1.0,24.0,0.0,grouping_no_pruning_ablation,no_pruning,"{'count': 1, 'min': 424.376437177328, 'p50': 424.376437177328, 'p95': 424.376437177328, 'p99': 424.376437177328, 'max': 424.376437177328, 'mean': 424.376437177328}",2.108096,2.17920835,2.19290007,2.19290007,470.9761534176561,1.0,"{'count': 0, 'min': None, 'p50': None, 'p95': None, 'p99': None, 'max': None, 'mean': None}",,"{'count': 8, 'min': 0.0, 'p50': 0.0, 'p95': 0.0, 'p99': 0.0, 'max': 0.0, 'mean': 0.0}",0.0,fewer_than_1000_unique_test_queries,"{'paired_queries': 8, 'median': 0.6944883983267878, 'bootstrap_95pct_lower': 0.6816292913195465, 'bootstrap_95pct_upper': 0.7050153089550882, 'bootstrap_resamples': 2000, 'seed': 2187459269086201183, 'ratio_definition': 'delta_flat_E2E_query_median / method_E2E_query_median'}",True,8,1,"{'count': 8, 'min': 0.0, 'p50': 0.0, 'p95': 0.0, 'p99': 0.0, 'max': 0.0, 'mean': 0.0}",0.0,0.0,True,offline-smoke-20260905T121406.178089Z-43d3397eca,3ef146be427aaeb2f2a5852d2bf3694a60f6f85bcaaf768333a1d0237117ccf2,"{'count': 8, 'min': 2.7596056487865597, 'p50': 3.3878954739808913, 'p95': 4.051184131266974, 'p99': 4.2092391737108406, 'max': 4.248752934321807, 'mean': 3.3906852882421536}",0,"{'count': 0, 'min': None, 'p50': None, 'p95': None, 'p99': None, 'max': None, 'mean': None}",8
0,"{'count': 8, 'min': 0.0, 'p50': 0.0, 'p95': 0.0, 'p99': 0.0, 'max': 0.0, 'mean': 0.0}",0.0,61885.75,171143.75,,,,,,,0.0,0.0,0.0,1588575.75,209198.0,1307.625,0,d12bb7cf450b852abdc5f77d5a34555304b47a1c08e1b9ff30a54ce74ecc0927,1.0,1.0,6.0,6.0,2.430163,1.0,0.625,"{'count': 0, 'min': None, 'p50': None, 'p95': None, 'p99': None, 'max': None, 'mean': None}",,,,2.4987391,,synthetic-isotropic,0,0.0,{},{},0,0.0,0.0,32.0,0.0,5,40.0,5.0,0.0,0.0,1.0,4.0,0.0,2.0,1.0,24.0,0.0,certified_full_delta_reference,certified_full,"{'count': 0, 'min': None, 'p50': None, 'p95': None, 'p99': None, 'max': None, 'mean': None}",,,,2.12313487,,1.0,"{'count': 0, 'min': None, 'p50': None, 'p95': None, 'p99': None, 'max': None, 'mean': None}",2.418625,"{'count': 8, 'min': 0.0, 'p50': 0.0, 'p95': 0.0, 'p99': 0.0, 'max': 0.0, 'mean': 0.0}",0.0,fewer_than_1000_unique_test_queries,"{'paired_queries': 0, 'median': None, 'bootstrap_95pct_lower': None, 'bootstrap_95pct_upper': None, 'bootstrap_resamples': 0, 'seed': None, 'reason': 'truth_generation_is_not_a_performance_method'}",False,8,1,"{'count': 8, 'min': 0.0, 'p50': 0.0, 'p95': 0.0, 'p99': 0.0, 'max': 0.0, 'mean': 0.0}",0.0,0.0,True,offline-smoke-20260905T121406.178089Z-43d3397eca,d15900207832367c332f2be0fa0d77c7cfd8dcd670e9101b22b1803a2325c5e8,"{'count': 8, 'min': 5.136019908858232, 'p50': 5.566578978454812, 'p95': 6.034557608565034, 'p99': 6.037733657609529, 'max': 6.0385276698706525, 'mean': 5.614085632864738}",0,"{'count': 8, 'min': 2.383435, 'p50': 2.424394, 'p95': 2.4883875, 'p99': 2.4987391, 'max': 2.501327, 'mean': 2.43258125}",8
0,"{'count': 0, 'min': None, 'p50': None, 'p95': None, 'p99': None, 'max': None, 'mean': None}",,,,,21133.75,,,,,,,,1750540.0,,,0,d12bb7cf450b852abdc5f77d5a34555304b47a1c08e1b9ff30a54ce74ecc0927,1.0,1.0,6.0,6.0,2.124904,1.0,0.625,"{'count': 1, 'min': 478.30069329685494, 'p50': 478.30069329685494, 'p95': 478.30069329685494, 'p99': 478.30069329685494, 'max': 478.30069329685494, 'mean': 478.30069329685494}",2.128612,2.1959727,2.19689054,2.19689054,466.49708331445476,synthetic-isotropic,0,0.0,{},{},0,0.0,,0,0,5,,,0.0,0.0,1.0,,,,1.0,24.0,,delta_flat_full_scan,delta_flat,"{'count': 1, 'min': 554.723701138723, 'p50': 554.723701138723, 'p95': 554.723701138723, 'p99': 554.723701138723, 'max': 554.723701138723, 'mean': 554.723701138723}",1.8079575,1.8188350500000001,1.8221158100000001,1.8221158100000001,553.5419697597255,1.0,"{'count': 0, 'min': None, 'p50': None, 'p95': None, 'p99': None, 'max': None, 'mean': None}",2.141183,"{'count': 8, 'min': 0.0, 'p50': 0.0, 'p95': 0.0, 'p99': 0.0, 'max': 0.0, 'mean': 0.0}",0.0,fewer_than_1000_unique_test_queries,"{'paired_queries': 8, 'median': 1.0, 'bootstrap_95pct_lower': 1.0, 'bootstrap_95pct_upper': 1.0, 'bootstrap_resamples': 2000, 'seed': 13722894540061095106, 'ratio_definition': 'delta_flat_E2E_query_median / method_E2E_query_median'}",True,8,1,"{'count': 8, 'min': 0.0, 'p50': 0.0, 'p95': 0.0, 'p99': 0.0, 'max': 0.0, 'mean': 0.0}",0.0,0.0,True,offline-smoke-20260905T121406.178089Z-43d3397eca,d15900207832367c332f2be0fa0d77c7cfd8dcd670e9101b22b1803a2325c5e8,"{'count': 8, 'min': 5.136019908858232, 'p50': 5.566578978454812, 'p95': 6.034557608565034, 'p99': 6.037733657609529, 'max': 6.0385276698706525, 'mean': 5.614085632864738}",0,"{'count': 0, 'min': None, 'p50': None, 'p95': None, 'p99': None, 'max': None, 'mean': None}",8
0,"{'count': 0, 'min': None, 'p50': None, 'p95': None, 'p99': None, 'max': None, 'mean': None}",,,,,25718.625,,,,,,,,1755535.25,,,0,d12bb7cf450b852abdc5f77d5a34555304b47a1c08e1b9ff30a54ce74ecc0927,1.0,1.0,6.0,6.0,2.129788,1.0,0.625,"{'count': 1, 'min': 475.86445239005894, 'p50': 475.86445239005894, 'p95': 475.86445239005894, 'p99': 475.86445239005894, 'max': 475.86445239005894, 'mean': 475.86445239005894}",2.139275,2.24409495,2.2679069899999997,2.2679069899999997,463.82689423714794,synthetic-isotropic,0,0.0,{},{},0,0.0,,0,0,5,,,0.0,0.0,1.0,,,,1.0,,,delta_hnsw_ef24,delta_hnsw,"{'count': 1, 'min': 548.6304674797918, 'p50': 548.6304674797918, 'p95': 548.6304674797918, 'p99': 548.6304674797918, 'max': 548.6304674797918, 'mean': 548.6304674797918}",1.8055355,1.8720706999999999,1.88187014,1.88187014,549.7863495883853,1.0,"{'count': 0, 'min': None, 'p50': None, 'p95': None, 'p99': None, 'max': None, 'mean': None}",2.167569,"{'count': 8, 'min': 0.0, 'p50': 0.0, 'p95': 0.0, 'p99': 0.0, 'max': 0.0, 'mean': 0.0}",0.0,fewer_than_1000_unique_test_queries,"{'paired_queries': 8, 'median': 0.9999970615720759, 'bootstrap_95pct_lower': 0.9878269157752302, 'bootstrap_95pct_upper': 1.0045703534660457, 'bootstrap_resamples': 2000, 'seed': 5360306440091956616, 'ratio_definition': 'delta_flat_E2E_query_median / method_E2E_query_median'}",True,8,1,"{'count': 0, 'min': None, 'p50': None, 'p95': None, 'p99': None, 'max': None, 'mean': None}",,,True,offline-smoke-20260905T121406.178089Z-43d3397eca,d15900207832367c332f2be0fa0d77c7cfd8dcd670e9101b22b1803a2325c5e8,"{'count': 8, 'min': 5.136019908858232, 'p50': 5.566578978454812, 'p95': 6.034557608565034, 'p99': 6.037733657609529, 'max': 6.0385276698706525, 'mean': 5.614085632864738}",0,"{'count': 0, 'min': None, 'p50': None, 'p95': None, 'p99': None, 'max': None, 'mean': None}",8
0,"{'count': 0, 'min': None, 'p50': None, 'p95': None, 'p99': None, 'max': None, 'mean': None}",,,,,23530.625,,,,,,,,1749938.75,,,0,d12bb7cf450b852abdc5f77d5a34555304b47a1c08e1b9ff30a54ce74ecc0927,1.0,1.0,6.0,6.0,2.144077,1.0,0.625,"{'count': 1, 'min': 475.20470927866893, 'p50': 475.20470927866893, 'p95': 475.20470927866893, 'p99': 475.20470927866893, 'max': 475.20470927866893, 'mean': 475.20470927866893}",2.141918,2.20032445,2.2111024899999996,2.2111024899999996,465.62332120966613,synthetic-isotropic,0,0.0,{},{},0,0.0,,0,0,5,,,0.0,0.0,1.0,,,,1.0,,,delta_hnsw_ef8,delta_hnsw,"{'count': 1, 'min': 548.858340348429, 'p50': 548.858340348429, 'p95': 548.858340348429, 'p99': 548.858340348429, 'max': 548.858340348429, 'mean': 548.858340348429}",1.817007,1.8314535,1.8315739,1.8315739,552.3121408633453,1.0,"{'count': 0, 'min': None, 'p50': None, 'p95': None, 'p99': None, 'max': None, 'mean': None}",2.139759,"{'count': 8, 'min': 0.0, 'p50': 0.0, 'p95': 0.0, 'p99': 0.0, 'max': 0.0, 'mean': 0.0}",0.0,fewer_than_1000_unique_test_queries,"{'paired_queries': 8, 'median': 0.9974023360828115, 'bootstrap_95pct_lower': 0.9909860750556623, 'bootstrap_95pct_upper': 1.0039732180550889, 'bootstrap_resamples': 2000, 'seed': 11038691700189920102, 'ratio_definition': 'delta_flat_E2E_query_median / method_E2E_query_median'}",True,8,1,"{'count': 0, 'min': None, 'p50': None, 'p95': None, 'p99': None, 'max': None, 'mean': None}",,,True,offline-smoke-20260905T121406.178089Z-43d3397eca,d15900207832367c332f2be0fa0d77c7cfd8dcd670e9101b22b1803a2325c5e8,"{'count': 8, 'min': 5.136019908858232, 'p50': 5.566578978454812, 'p95': 6.034557608565034, 'p99': 6.037733657609529, 'max': 6.0385276698706525, 'mean': 5.614085632864738}",0,"{'count': 0, 'min': None, 'p50': None, 'p95': None, 'p99': None, 'max': None, 'mean': None}",8
0,"{'count': 0, 'min': None, 'p50': None, 'p95': None, 'p99': None, 'max': None, 'mean': None}",,,,,,,1696078.75,,,,,,,,,0,d12bb7cf450b852abdc5f77d5a34555304b47a1c08e1b9ff30a54ce74ecc0927,1.0,1.0,6.0,6.0,1.742971,1.0,0.625,"{'count': 0, 'min': None, 'p50': None, 'p95': None, 'p99': None, 'max': None, 'mean': None}",,,,1.75419017,,synthetic-isotropic,0,0.0,{},{},0,0.0,,0,0,5,,,0.0,0.0,1.0,,,,1.0,120.0,,full_base_delta_exact_flat,full_exact_truth,"{'count': 0, 'min': None, 'p50': None, 'p95': None, 'p99': None, 'max': None, 'mean': None}",,,,,,1.0,"{'count': 0, 'min': None, 'p50': None, 'p95': None, 'p99': None, 'max': None, 'mean': None}",1.723024,"{'count': 0, 'min': None, 'p50': None, 'p95': None, 'p99': None, 'max': None, 'mean': None}",,fewer_than_1000_unique_test_queries,"{'paired_queries': 0, 'median': None, 'bootstrap_95pct_lower': None, 'bootstrap_95pct_upper': None, 'bootstrap_resamples': 0, 'seed': None, 'reason': 'truth_generation_is_not_a_performance_method'}",False,8,1,"{'count': 0, 'min': None, 'p50': None, 'p95': None, 'p99': None, 'max': None, 'mean': None}",,,True,offline-smoke-20260905T121406.178089Z-43d3397eca,d15900207832367c332f2be0fa0d77c7cfd8dcd670e9101b22b1803a2325c5e8,"{'count': 8, 'min': 5.136019908858232, 'p50': 5.566578978454812, 'p95': 6.034557608565034, 'p99': 6.037733657609529, 'max': 6.0385276698706525, 'mean': 5.614085632864738}",0,"{'count': 8, 'min': 1.711835, 'p50': 1.7332869999999998, 'p95': 1.75131485, 'p99': 1.75419017, 'max': 1.754909, 'mean': 1.7325275}",8
0,"{'count': 0, 'min': None, 'p50': None, 'p95': None, 'p99': None, 'max': None, 'mean': None}",,,,,,1703239.875,,,18507.75,,,,,,,0,d12bb7cf450b852abdc5f77d5a34555304b47a1c08e1b9ff30a54ce74ecc0927,1.0,1.0,6.0,6.0,1.757013,1.0,0.625,"{'count': 1, 'min': 566.1975531206544, 'p50': 566.1975531206544, 'p95': 566.1975531206544, 'p99': 566.1975531206544, 'max': 566.1975531206544, 'mean': 566.1975531206544}",1.760038,1.7828358999999998,1.78508878,1.78508878,567.0464767594939,synthetic-isotropic,0,0.0,{},{},0,0.0,,0,0,5,,,0.0,0.0,1.0,,,,1.0,120.0,,full_base_delta_flat_scan_performance,full_flat_performance,"{'count': 1, 'min': 566.1975531206544, 'p50': 566.1975531206544, 'p95': 566.1975531206544, 'p99': 566.1975531206544, 'max': 566.1975531206544, 'mean': 566.1975531206544}",,,,,,1.0,"{'count': 0, 'min': None, 'p50': None, 'p95': None, 'p99': None, 'max': None, 'mean': None}",1.762749,"{'count': 0, 'min': None, 'p50': None, 'p95': None, 'p99': None, 'max': None, 'mean': None}",,fewer_than_1000_unique_test_queries,"{'paired_queries': 8, 'median': 1.2080241528267495, 'bootstrap_95pct_lower': 1.19910430475815, 'bootstrap_95pct_upper': 1.2464168182764535, 'bootstrap_resamples': 2000, 'seed': 9753112138271414898, 'ratio_definition': 'delta_flat_E2E_query_median / method_E2E_query_median'}",True,8,1,"{'count': 0, 'min': None, 'p50': None, 'p95': None, 'p99': None, 'max': None, 'mean': None}",,,True,offline-smoke-20260905T121406.178089Z-43d3397eca,d15900207832367c332f2be0fa0d77c7cfd8dcd670e9101b22b1803a2325c5e8,"{'count': 8, 'min': 5.136019908858232, 'p50': 5.566578978454812, 'p95': 6.034557608565034, 'p99': 6.037733657609529, 'max': 6.0385276698706525, 'mean': 5.614085632864738}",0,"{'count': 0, 'min': None, 'p50': None, 'p95': None, 'p99': None, 'max': None, 'mean': None}",8
0,"{'count': 0, 'min': None, 'p50': None, 'p95': None, 'p99': None, 'max': None, 'mean': None}",,,,,,,,,22568.5,,,,,,,0,d12bb7cf450b852abdc5f77d5a34555304b47a1c08e1b9ff30a54ce74ecc0927,1.0,1.0,6.0,6.0,0.073031,1.0,0.625,"{'count': 1, 'min': 13483.949044156561, 'p50': 13483.949044156561, 'p95': 13483.949044156561, 'p99': 13483.949044156561, 'max': 13483.949044156561, 'mean': 13483.949044156561}",0.0728655,0.0787397,0.07992074,0.07992074,13923.358871094062,synthetic-isotropic,0,0.0,{},{},0,0.0,,0,0,5,,,0.0,0.0,1.0,,,,1.0,,,full_base_delta_hnsw_ef24,full_hnsw,"{'count': 1, 'min': 13483.949044156561, 'p50': 13483.949044156561, 'p95': 13483.949044156561, 'p99': 13483.949044156561, 'max': 13483.949044156561, 'mean': 13483.949044156561}",,,,,,1.0,"{'count': 0, 'min': None, 'p50': None, 'p95': None, 'p99': None, 'max': None, 'mean': None}",0.0727,"{'count': 0, 'min': None, 'p50': None, 'p95': None, 'p99': None, 'max': None, 'mean': None}",,fewer_than_1000_unique_test_queries,"{'paired_queries': 8, 'median': 29.709598620261445, 'bootstrap_95pct_lower': 28.867101765835944, 'bootstrap_95pct_upper': 30.844010980232678, 'bootstrap_resamples': 2000, 'seed': 184369466714916332, 'ratio_definition': 'delta_flat_E2E_query_median / method_E2E_query_median'}",True,8,1,"{'count': 0, 'min': None, 'p50': None, 'p95': None, 'p99': None, 'max': None, 'mean': None}",,,True,offline-smoke-20260905T121406.178089Z-43d3397eca,d15900207832367c332f2be0fa0d77c7cfd8dcd670e9101b22b1803a2325c5e8,"{'count': 8, 'min': 5.136019884730555, 'p50': 5.566579072033007, 'p95': 6.034557444300337, 'p99': 6.0377334500083455, 'max': 6.038527451435348, 'mean': 5.614085623023695}",0,"{'count': 0, 'min': None, 'p50': None, 'p95': None, 'p99': None, 'max': None, 'mean': None}",8
0,"{'count': 0, 'min': None, 'p50': None, 'p95': None, 'p99': None, 'max': None, 'mean': None}",,,,,,,,,19720.375,,,,,,,0,d12bb7cf450b852abdc5f77d5a34555304b47a1c08e1b9ff30a54ce74ecc0927,0.8333333333333334,0.9,6.0,5.0,0.071213,0.9199999999999999,0.625,"{'count': 1, 'min': 14207.875425348271, 'p50': 14207.875425348271, 'p95': 14207.875425348271, 'p99': 14207.875425348271, 'max': 14207.875425348271, 'mean': 14207.875425348271}",0.072575,0.07668434999999998,0.07751287,0.07751287,13865.22653180423,synthetic-isotropic,0,0.0,{},{},0,0.0,,0,0,5,,,0.75,1.25,0.925,,,,0.925,,,full_base_delta_hnsw_ef8,full_hnsw,"{'count': 1, 'min': 14207.875425348271, 'p50': 14207.875425348271, 'p95': 14207.875425348271, 'p99': 14207.875425348271, 'max': 14207.875425348271, 'mean': 14207.875425348271}",,,,,,0.8,"{'count': 0, 'min': None, 'p50': None, 'p95': None, 'p99': None, 'max': None, 'mean': None}",0.074761,"{'count': 0, 'min': None, 'p50': None, 'p95': None, 'p99': None, 'max': None, 'mean': None}",,fewer_than_1000_unique_test_queries,"{'paired_queries': 8, 'median': 29.768854249159755, 'bootstrap_95pct_lower': 28.73214792779393, 'bootstrap_95pct_upper': 31.552981705868376, 'bootstrap_resamples': 2000, 'seed': 15641653292425580286, 'ratio_definition': 'delta_flat_E2E_query_median / method_E2E_query_median'}",True,8,1,"{'count': 0, 'min': None, 'p50': None, 'p95': None, 'p99': None, 'max': None, 'mean': None}",,,True,offline-smoke-20260905T121406.178089Z-43d3397eca,d15900207832367c332f2be0fa0d77c7cfd8dcd670e9101b22b1803a2325c5e8,"{'count': 8, 'min': 5.157449848561757, 'p50': 5.589983299669635, 'p95': 6.099003575867384, 'p99': 6.129940992096581, 'max': 6.13767534615388, 'mean': 5.655532865066348}",0,"{'count': 0, 'min': None, 'p50': None, 'p95': None, 'p99': None, 'max': None, 'mean': None}",8
0,"{'count': 8, 'min': 0.0, 'p50': 0.0, 'p95': 0.0, 'p99': 0.0, 'max': 0.0, 'mean': 0.0}",0.0,61885.75,,139246.0,,,,0.0,,10939.75,329140.5,365172.625,1638682.875,215519.5,11033.625,0,d12bb7cf450b852abdc5f77d5a34555304b47a1c08e1b9ff30a54ce74ecc0927,1.0,1.0,6.0,6.0,3.265198,1.0,0.625,"{'count': 1, 'min': 290.95119948268876, 'p50': 290.95119948268876, 'p95': 290.95119948268876, 'p99': 290.95119948268876, 'max': 290.95119948268876, 'mean': 290.95119948268876}",3.2778645,3.3439835,3.3482198999999997,3.3482198999999997,304.31768209742444,synthetic-isotropic,0,0.0,{},{},0,0.0,0.0,32.0,0.0,5,44.0,5.0,0.0,0.0,1.0,4.0,0.0,2.0,1.0,24.0,0.0,group_pruning_beta0,pruned,"{'count': 1, 'min': 316.95110783524535, 'p50': 316.95110783524535, 'p95': 316.95110783524535, 'p99': 316.95110783524535, 'max': 316.95110783524535, 'mean': 316.95110783524535}",2.949974,2.9719482999999998,2.97422806,2.97422806,339.103590678907,1.0,"{'count': 0, 'min': None, 'p50': None, 'p95': None, 'p99': None, 'max': None, 'mean': None}",3.286163,"{'count': 8, 'min': 0.0, 'p50': 0.0, 'p95': 0.0, 'p99': 0.0, 'max': 0.0, 'mean': 0.0}",0.0,fewer_than_1000_unique_test_queries,"{'paired_queries': 8, 'median': 0.6537795044805242, 'bootstrap_95pct_lower': 0.6462372682061115, 'bootstrap_95pct_upper': 0.6558343443111725, 'bootstrap_resamples': 2000, 'seed': 7284072493838726706, 'ratio_definition': 'delta_flat_E2E_query_median / method_E2E_query_median'}",True,8,1,"{'count': 8, 'min': 0.0, 'p50': 0.0, 'p95': 0.0, 'p99': 0.0, 'max': 0.0, 'mean': 0.0}",0.0,0.0,True,offline-smoke-20260905T121406.178089Z-43d3397eca,d15900207832367c332f2be0fa0d77c7cfd8dcd670e9101b22b1803a2325c5e8,"{'count': 8, 'min': 5.136019908858232, 'p50': 5.566578978454812, 'p95': 6.034557608565034, 'p99': 6.037733657609529, 'max': 6.0385276698706525, 'mean': 5.614085632864738}",0,"{'count': 0, 'min': None, 'p50': None, 'p95': None, 'p99': None, 'max': None, 'mean': None}",8
0,"{'count': 8, 'min': 0.0, 'p50': 0.0, 'p95': 0.0, 'p99': 0.0, 'max': 0.0, 'mean': 0.0}",0.0,61885.75,,135947.25,,,,93503.75,,10870.0,330991.875,367313.75,1628871.875,215505.75,10953.25,0,d12bb7cf450b852abdc5f77d5a34555304b47a1c08e1b9ff30a54ce74ecc0927,1.0,1.0,6.0,6.0,3.381709,1.0,0.625,"{'count': 1, 'min': 282.7247541637581, 'p50': 282.7247541637581, 'p95': 282.7247541637581, 'p99': 282.7247541637581, 'max': 282.7247541637581, 'mean': 282.7247541637581}",3.3791255,3.4118756,3.41362952,3.41362952,296.5070908744198,synthetic-isotropic,0,0.0,{},{},0,0.0,0.0,32.0,0.0,5,84.0,5.0,0.0,0.0,1.0,4.0,0.0,2.0,1.0,24.0,0.0,group_pruning_beta0_recompute_intervals_ablation,pruned_recompute,"{'count': 1, 'min': 306.6245701794267, 'p50': 306.6245701794267, 'p95': 306.6245701794267, 'p99': 306.6245701794267, 'max': 306.6245701794267, 'mean': 306.6245701794267}",3.028387,3.0666668500000003,3.06732457,3.06732457,329.4336894868403,1.0,"{'count': 0, 'min': None, 'p50': None, 'p95': None, 'p99': None, 'max': None, 'mean': None}",3.376542,"{'count': 8, 'min': 0.0, 'p50': 0.0, 'p95': 0.0, 'p99': 0.0, 'max': 0.0, 'mean': 0.0}",0.0,fewer_than_1000_unique_test_queries,"{'paired_queries': 8, 'median': 0.6347754797314951, 'bootstrap_95pct_lower': 0.6283521142712161, 'bootstrap_95pct_upper': 0.6425888412298759, 'bootstrap_resamples': 2000, 'seed': 16304499503850495436, 'ratio_definition': 'delta_flat_E2E_query_median / method_E2E_query_median'}",True,8,1,"{'count': 8, 'min': 0.0, 'p50': 0.0, 'p95': 0.0, 'p99': 0.0, 'max': 0.0, 'mean': 0.0}",0.0,0.0,True,offline-smoke-20260905T121406.178089Z-43d3397eca,d15900207832367c332f2be0fa0d77c7cfd8dcd670e9101b22b1803a2325c5e8,"{'count': 8, 'min': 5.136019908858232, 'p50': 5.566578978454812, 'p95': 6.034557608565034, 'p99': 6.037733657609529, 'max': 6.0385276698706525, 'mean': 5.614085632864738}",0,"{'count': 0, 'min': None, 'p50': None, 'p95': None, 'p99': None, 'max': None, 'mean': None}",8
0,"{'count': 8, 'min': 0.0, 'p50': 0.0, 'p95': 0.0, 'p99': 0.0, 'max': 0.0, 'mean': 0.0}",0.0,61885.75,,145113.75,,,,0.0,,11165.25,331433.875,370295.25,1638122.375,218033.75,11321.75,0,d12bb7cf450b852abdc5f77d5a34555304b47a1c08e1b9ff30a54ce74ecc0927,1.0,1.0,6.0,6.0,3.287149,1.0,0.625,"{'count': 1, 'min': 289.5587154132973, 'p50': 289.5587154132973, 'p95': 289.5587154132973, 'p99': 289.5587154132973, 'max': 289.5587154132973, 'mean': 289.5587154132973}",3.288754,3.4183798,3.44197036,3.44197036,301.95203688162957,synthetic-isotropic,0,0.0,{},{},0,0.0,0.0,32.0,0.0,5,44.0,5.0,0.0,0.0,1.0,4.0,0.0,2.0,1.0,24.0,0.0,group_pruning_beta_factor_0p05,pruned,"{'count': 1, 'min': 314.2322050302291, 'p50': 314.2322050302291, 'p95': 314.2322050302291, 'p99': 314.2322050302291, 'max': 314.2322050302291, 'mean': 314.2322050302291}",2.9669555,3.0371771,3.05963142,3.05963142,336.16881927467625,1.0,"{'count': 0, 'min': None, 'p50': None, 'p95': None, 'p99': None, 'max': None, 'mean': None}",3.290359,"{'count': 8, 'min': 0.0, 'p50': 0.0, 'p95': 0.0, 'p99': 0.0, 'max': 0.0, 'mean': 0.0}",0.0,fewer_than_1000_unique_test_queries,"{'paired_queries': 8, 'median': 0.6485413735697045, 'bootstrap_95pct_lower': 0.6435943567097364, 'bootstrap_95pct_upper': 0.653201792356797, 'bootstrap_resamples': 2000, 'seed': 17867332371496725696, 'ratio_definition': 'delta_flat_E2E_query_median / method_E2E_query_median'}",True,8,1,"{'count': 8, 'min': 0.2569542899088959, 'p50': 0.2569542899088959, 'p95': 0.2569542899088959, 'p99': 0.2569542899088959, 'max': 0.2569542899088959, 'mean': 0.2569542899088959}",0.2569542899088959,0.2569542899088959,True,offline-smoke-20260905T121406.178089Z-43d3397eca,d15900207832367c332f2be0fa0d77c7cfd8dcd670e9101b22b1803a2325c5e8,"{'count': 8, 'min': 5.136019908858232, 'p50': 5.566578978454812, 'p95': 6.034557608565034, 'p99': 6.037733657609529, 'max': 6.0385276698706525, 'mean': 5.614085632864738}",0,"{'count': 0, 'min': None, 'p50': None, 'p95': None, 'p99': None, 'max': None, 'mean': None}",8
0,"{'count': 8, 'min': 0.0, 'p50': 0.0, 'p95': 0.0, 'p99': 0.0, 'max': 0.0, 'mean': 0.0}",0.0,61885.75,,143917.0,,,,0.0,,10975.375,331358.25,367975.75,1640801.625,217358.5,11050.25,0,d12bb7cf450b852abdc5f77d5a34555304b47a1c08e1b9ff30a54ce74ecc0927,1.0,1.0,6.0,6.0,3.289647,1.0,0.625,"{'count': 1, 'min': 290.9774229890059, 'p50': 290.9774229890059, 'p95': 290.9774229890059, 'p99': 290.9774229890059, 'max': 290.9774229890059, 'mean': 290.9774229890059}",3.2937995,3.3457195499999997,3.35916151,3.35916151,303.49314156714524,synthetic-isotropic,0,0.0,{},{},0,0.0,0.0,32.0,0.0,5,44.0,5.0,0.0,0.0,1.0,4.0,0.0,2.0,1.0,24.0,0.0,grouping_no_pruning_ablation,no_pruning,"{'count': 1, 'min': 318.3599622870789, 'p50': 318.3599622870789, 'p95': 318.3599622870789, 'p99': 318.3599622870789, 'max': 318.3599622870789, 'mean': 318.3599622870789}",2.9637195,2.9807892000000002,2.98125624,2.98125624,338.0800904972786,1.0,"{'count': 0, 'min': None, 'p50': None, 'p95': None, 'p99': None, 'max': None, 'mean': None}",3.297952,"{'count': 8, 'min': 0.0, 'p50': 0.0, 'p95': 0.0, 'p99': 0.0, 'max': 0.0, 'mean': 0.0}",0.0,fewer_than_1000_unique_test_queries,"{'paired_queries': 8, 'median': 0.6497447341487568, 'bootstrap_95pct_lower': 0.6426810280060636, 'bootstrap_95pct_upper': 0.656639936932609, 'bootstrap_resamples': 2000, 'seed': 8601763284294171752, 'ratio_definition': 'delta_flat_E2E_query_median / method_E2E_query_median'}",True,8,1,"{'count': 8, 'min': 0.0, 'p50': 0.0, 'p95': 0.0, 'p99': 0.0, 'max': 0.0, 'mean': 0.0}",0.0,0.0,True,offline-smoke-20260905T121406.178089Z-43d3397eca,d15900207832367c332f2be0fa0d77c7cfd8dcd670e9101b22b1803a2325c5e8,"{'count': 8, 'min': 5.136019908858232, 'p50': 5.566578978454812, 'p95': 6.034557608565034, 'p99': 6.037733657609529, 'max': 6.0385276698706525, 'mean': 5.614085632864738}",0,"{'count': 0, 'min': None, 'p50': None, 'p95': None, 'p99': None, 'max': None, 'mean': None}",8
0,"{'count': 8, 'min': 0.0, 'p50': 0.0, 'p95': 0.0, 'p99': 0.0, 'max': 0.0, 'mean': 0.0}",0.0,61334.125,171780.5,,,,,,,0.0,0.0,0.0,1148752.875,210727.25,1287.75,0,bffb4b5356f2a8fc4a23f1dc436dd38b863689d259acba88df25e4b5d28655ea,1.0,1.0,7.0,7.0,1.983035,1.0,0.875,"{'count': 0, 'min': None, 'p50': None, 'p95': None, 'p99': None, 'max': None, 'mean': None}",,,,2.0452942800000002,,synthetic-outlier-radius,0,0.0,{},{},0,0.0,0.0,32.0,0.0,5,40.0,5.0,0.0,0.0,1.0,4.0,0.0,2.0,1.0,24.0,0.0,certified_full_delta_reference,certified_full,"{'count': 0, 'min': None, 'p50': None, 'p95': None, 'p99': None, 'max': None, 'mean': None}",,,,1.68144574,,1.0,"{'count': 0, 'min': None, 'p50': None, 'p95': None, 'p99': None, 'max': None, 'mean': None}",1.995113,"{'count': 8, 'min': 0.0, 'p50': 0.0, 'p95': 0.0, 'p99': 0.0, 'max': 0.0, 'mean': 0.0}",0.0,fewer_than_1000_unique_test_queries,"{'paired_queries': 0, 'median': None, 'bootstrap_95pct_lower': None, 'bootstrap_95pct_upper': None, 'bootstrap_resamples': 0, 'seed': None, 'reason': 'truth_generation_is_not_a_performance_method'}",False,8,1,"{'count': 8, 'min': 0.0, 'p50': 0.0, 'p95': 0.0, 'p99': 0.0, 'max': 0.0, 'mean': 0.0}",0.0,0.0,True,offline-smoke-20260905T121406.178089Z-43d3397eca,eeef9255dbe201c569fb2ec39f0ab3a72a22b79b4dab1784b86921f9620a0ca2,"{'count': 8, 'min': 1.8005745224428522, 'p50': 2.0234444696372247, 'p95': 2.3712838667008262, 'p99': 2.4748010794789552, 'max': 2.5006803826734876, 'mean': 2.0673348175159503}",0,"{'count': 8, 'min': 1.949143, 'p50': 1.9873555, 'p95': 2.0406194, 'p99': 2.0452942800000002, 'max': 2.046463, 'mean': 1.990396}",8
0,"{'count': 0, 'min': None, 'p50': None, 'p95': None, 'p99': None, 'max': None, 'mean': None}",,,,,21043.375,,,,,,,,1306609.625,,,0,bffb4b5356f2a8fc4a23f1dc436dd38b863689d259acba88df25e4b5d28655ea,1.0,1.0,7.0,7.0,1.67865,1.0,0.875,"{'count': 1, 'min': 614.0318559726878, 'p50': 614.0318559726878, 'p95': 614.0318559726878, 'p99': 614.0318559726878, 'max': 614.0318559726878, 'mean': 614.0318559726878}",1.677563,1.76358755,1.7684111100000002,1.7684111100000002,589.7063947687735,synthetic-outlier-radius,0,0.0,{},{},0,0.0,,0,0,5,,,0.0,0.0,1.0,,,,1.0,24.0,,delta_flat_full_scan,delta_flat,"{'count': 1, 'min': 738.189203429258, 'p50': 738.189203429258, 'p95': 738.189203429258, 'p99': 738.189203429258, 'max': 738.189203429258, 'mean': 738.189203429258}",1.3625725,1.3755750500000001,1.37559101,1.37559101,733.6048037909762,1.0,"{'count': 0, 'min': None, 'p50': None, 'p95': None, 'p99': None, 'max': None, 'mean': None}",1.668189,"{'count': 8, 'min': 0.0, 'p50': 0.0, 'p95': 0.0, 'p99': 0.0, 'max': 0.0, 'mean': 0.0}",0.0,fewer_than_1000_unique_test_queries,"{'paired_queries': 8, 'median': 1.0, 'bootstrap_95pct_lower': 1.0, 'bootstrap_95pct_upper': 1.0, 'bootstrap_resamples': 2000, 'seed': 4719517355760305651, 'ratio_definition': 'delta_flat_E2E_query_median / method_E2E_query_median'}",True,8,1,"{'count': 8, 'min': 0.0, 'p50': 0.0, 'p95': 0.0, 'p99': 0.0, 'max': 0.0, 'mean': 0.0}",0.0,0.0,True,offline-smoke-20260905T121406.178089Z-43d3397eca,eeef9255dbe201c569fb2ec39f0ab3a72a22b79b4dab1784b86921f9620a0ca2,"{'count': 8, 'min': 1.8005745224428522, 'p50': 2.0234444696372247, 'p95': 2.3712838667008262, 'p99': 2.4748010794789552, 'max': 2.5006803826734876, 'mean': 2.0673348175159503}",0,"{'count': 0, 'min': None, 'p50': None, 'p95': None, 'p99': None, 'max': None, 'mean': None}",8
0,"{'count': 0, 'min': None, 'p50': None, 'p95': None, 'p99': None, 'max': None, 'mean': None}",,,,,25643.0,,,,,,,,1314419.875,,,0,bffb4b5356f2a8fc4a23f1dc436dd38b863689d259acba88df25e4b5d28655ea,1.0,1.0,7.0,7.0,1.7035,1.0,0.875,"{'count': 1, 'min': 607.4247347603967, 'p50': 607.4247347603967, 'p95': 607.4247347603967, 'p99': 607.4247347603967, 'max': 607.4247347603967, 'mean': 607.4247347603967}",1.701886,1.7676359,1.7739375800000001,1.7739375800000001,584.596695508719,synthetic-outlier-radius,0,0.0,{},{},0,0.0,,0,0,5,,,0.0,0.0,1.0,,,,1.0,,,delta_hnsw_ef24,delta_hnsw,"{'count': 1, 'min': 722.3420206398397, 'p50': 722.3420206398397, 'p95': 722.3420206398397, 'p99': 722.3420206398397, 'max': 722.3420206398397, 'mean': 722.3420206398397}",1.381279,1.3921579,1.39221558,1.39221558,725.7138279962071,1.0,"{'count': 0, 'min': None, 'p50': None, 'p95': None, 'p99': None, 'max': None, 'mean': None}",1.677002,"{'count': 8, 'min': 0.0, 'p50': 0.0, 'p95': 0.0, 'p99': 0.0, 'max': 0.0, 'mean': 0.0}",0.0,fewer_than_1000_unique_test_queries,"{'paired_queries': 8, 'median': 0.99194361653044, 'bootstrap_95pct_lower': 0.9827278829482676, 'bootstrap_95pct_upper': 0.999648033350694, 'bootstrap_resamples': 2000, 'seed': 12737436686607128685, 'ratio_definition': 'delta_flat_E2E_query_median / method_E2E_query_median'}",True,8,1,"{'count': 0, 'min': None, 'p50': None, 'p95': None, 'p99': None, 'max': None, 'mean': None}",,,True,offline-smoke-20260905T121406.178089Z-43d3397eca,eeef9255dbe201c569fb2ec39f0ab3a72a22b79b4dab1784b86921f9620a0ca2,"{'count': 8, 'min': 1.8005745224428522, 'p50': 2.0234444696372247, 'p95': 2.3712838667008262, 'p99': 2.4748010794789552, 'max': 2.5006803826734876, 'mean': 2.0673348175159503}",0,"{'count': 0, 'min': None, 'p50': None, 'p95': None, 'p99': None, 'max': None, 'mean': None}",8
0,"{'count': 0, 'min': None, 'p50': None, 'p95': None, 'p99': None, 'max': None, 'mean': None}",,,,,24048.625,,,,,,,,1321872.375,,,0,bffb4b5356f2a8fc4a23f1dc436dd38b863689d259acba88df25e4b5d28655ea,1.0,1.0,7.0,7.0,1.686857,1.0,0.875,"{'count': 1, 'min': 605.1086601184833, 'p50': 605.1086601184833, 'p95': 605.1086601184833, 'p99': 605.1086601184833, 'max': 605.1086601184833, 'mean': 605.1086601184833}",1.696177,1.80386015,1.8276688300000001,1.8276688300000001,582.666883807192,synthetic-outlier-radius,0,0.0,{},{},0,0.0,,0,0,5,,,0.0,0.0,1.0,,,,1.0,,,delta_hnsw_ef8,delta_hnsw,"{'count': 1, 'min': 733.390941191764, 'p50': 733.390941191764, 'p95': 733.390941191764, 'p99': 733.390941191764, 'max': 733.390941191764, 'mean': 733.390941191764}",1.373517,1.4309642,1.43782644,1.43782644,722.7422503284638,1.0,"{'count': 0, 'min': None, 'p50': None, 'p95': None, 'p99': None, 'max': None, 'mean': None}",1.728623,"{'count': 8, 'min': 0.0, 'p50': 0.0, 'p95': 0.0, 'p99': 0.0, 'max': 0.0, 'mean': 0.0}",0.0,fewer_than_1000_unique_test_queries,"{'paired_queries': 8, 'median': 0.9899347889645645, 'bootstrap_95pct_lower': 0.9650942043093965, 'bootstrap_95pct_upper': 1.0048198331692535, 'bootstrap_resamples': 2000, 'seed': 1102693567549336401, 'ratio_definition': 'delta_flat_E2E_query_median / method_E2E_query_median'}",True,8,1,"{'count': 0, 'min': None, 'p50': None, 'p95': None, 'p99': None, 'max': None, 'mean': None}",,,True,offline-smoke-20260905T121406.178089Z-43d3397eca,eeef9255dbe201c569fb2ec39f0ab3a72a22b79b4dab1784b86921f9620a0ca2,"{'count': 8, 'min': 1.8005745224428522, 'p50': 2.0234444696372247, 'p95': 2.3712838667008262, 'p99': 2.4748010794789552, 'max': 2.5006803826734876, 'mean': 2.0673348175159503}",0,"{'count': 0, 'min': None, 'p50': None, 'p95': None, 'p99': None, 'max': None, 'mean': None}",8
0,"{'count': 0, 'min': None, 'p50': None, 'p95': None, 'p99': None, 'max': None, 'mean': None}",,,,,,,1251058.125,,,,,,,,,0,bffb4b5356f2a8fc4a23f1dc436dd38b863689d259acba88df25e4b5d28655ea,1.0,1.0,7.0,7.0,1.288564,1.0,0.875,"{'count': 0, 'min': None, 'p50': None, 'p95': None, 'p99': None, 'max': None, 'mean': None}",,,,1.30023205,,synthetic-outlier-radius,0,0.0,{},{},0,0.0,,0,0,5,,,0.0,0.0,1.0,,,,1.0,120.0,,full_base_delta_exact_flat,full_exact_truth,"{'count': 0, 'min': None, 'p50': None, 'p95': None, 'p99': None, 'max': None, 'mean': None}",,,,,,1.0,"{'count': 0, 'min': None, 'p50': None, 'p95': None, 'p99': None, 'max': None, 'mean': None}",1.290931,"{'count': 0, 'min': None, 'p50': None, 'p95': None, 'p99': None, 'max': None, 'mean': None}",,fewer_than_1000_unique_test_queries,"{'paired_queries': 0, 'median': None, 'bootstrap_95pct_lower': None, 'bootstrap_95pct_upper': None, 'bootstrap_resamples': 0, 'seed': None, 'reason': 'truth_generation_is_not_a_performance_method'}",False,8,1,"{'count': 0, 'min': None, 'p50': None, 'p95': None, 'p99': None, 'max': None, 'mean': None}",,,True,offline-smoke-20260905T121406.178089Z-43d3397eca,eeef9255dbe201c569fb2ec39f0ab3a72a22b79b4dab1784b86921f9620a0ca2,"{'count': 8, 'min': 1.8005745224428522, 'p50': 2.0234444696372247, 'p95': 2.3712838667008262, 'p99': 2.4748010794789552, 'max': 2.5006803826734876, 'mean': 2.0673348175159503}",0,"{'count': 8, 'min': 1.26308, 'p50': 1.2897475, 'p95': 1.29990025, 'p99': 1.3002320500000002, 'max': 1.300315, 'mean': 1.2867492500000002}",8
0,"{'count': 0, 'min': None, 'p50': None, 'p95': None, 'p99': None, 'max': None, 'mean': None}",,,,,,1258102.375,,,17336.75,,,,,,,0,bffb4b5356f2a8fc4a23f1dc436dd38b863689d259acba88df25e4b5d28655ea,1.0,1.0,7.0,7.0,1.318022,1.0,0.875,"{'count': 1, 'min': 768.6146949906306, 'p50': 768.6146949906306, 'p95': 768.6146949906306, 'p99': 768.6146949906306, 'max': 768.6146949906306, 'mean': 768.6146949906306}",1.320244,1.34191655,1.34345291,1.34345291,759.6600027708598,synthetic-outlier-radius,0,0.0,{},{},0,0.0,,0,0,5,,,0.0,0.0,1.0,,,,1.0,120.0,,full_base_delta_flat_scan_performance,full_flat_performance,"{'count': 1, 'min': 768.6146949906306, 'p50': 768.6146949906306, 'p95': 768.6146949906306, 'p99': 768.6146949906306, 'max': 768.6146949906306, 'mean': 768.6146949906306}",,,,,,1.0,"{'count': 0, 'min': None, 'p50': None, 'p95': None, 'p99': None, 'max': None, 'mean': None}",1.323644,"{'count': 0, 'min': None, 'p50': None, 'p95': None, 'p99': None, 'max': None, 'mean': None}",,fewer_than_1000_unique_test_queries,"{'paired_queries': 8, 'median': 1.269408094636254, 'bootstrap_95pct_lower': 1.2542683154630703, 'bootstrap_95pct_upper': 1.3520526257314274, 'bootstrap_resamples': 2000, 'seed': 14709295752192315402, 'ratio_definition': 'delta_flat_E2E_query_median / method_E2E_query_median'}",True,8,1,"{'count': 0, 'min': None, 'p50': None, 'p95': None, 'p99': None, 'max': None, 'mean': None}",,,True,offline-smoke-20260905T121406.178089Z-43d3397eca,eeef9255dbe201c569fb2ec39f0ab3a72a22b79b4dab1784b86921f9620a0ca2,"{'count': 8, 'min': 1.8005745224428522, 'p50': 2.0234444696372247, 'p95': 2.3712838667008262, 'p99': 2.4748010794789552, 'max': 2.5006803826734876, 'mean': 2.0673348175159503}",0,"{'count': 0, 'min': None, 'p50': None, 'p95': None, 'p99': None, 'max': None, 'mean': None}",8
0,"{'count': 0, 'min': None, 'p50': None, 'p95': None, 'p99': None, 'max': None, 'mean': None}",,,,,,,,,20249.0,,,,,,,0,bffb4b5356f2a8fc4a23f1dc436dd38b863689d259acba88df25e4b5d28655ea,1.0,1.0,7.0,7.0,0.072954,1.0,0.875,"{'count': 1, 'min': 13551.466776885263, 'p50': 13551.466776885263, 'p95': 13551.466776885263, 'p99': 13551.466776885263, 'max': 13551.466776885263, 'mean': 13551.466776885263}",0.072718,0.07682855000000001,0.07712731,0.07712731,14066.403976572405,synthetic-outlier-radius,0,0.0,{},{},0,0.0,,0,0,5,,,0.0,0.0,1.0,,,,1.0,,,full_base_delta_hnsw_ef24,full_hnsw,"{'count': 1, 'min': 13551.466776885263, 'p50': 13551.466776885263, 'p95': 13551.466776885263, 'p99': 13551.466776885263, 'max': 13551.466776885263, 'mean': 13551.466776885263}",,,,,,1.0,"{'count': 0, 'min': None, 'p50': None, 'p95': None, 'p99': None, 'max': None, 'mean': None}",0.054897,"{'count': 0, 'min': None, 'p50': None, 'p95': None, 'p99': None, 'max': None, 'mean': None}",,fewer_than_1000_unique_test_queries,"{'paired_queries': 8, 'median': 23.210704116817894, 'bootstrap_95pct_lower': 22.921906168233985, 'bootstrap_95pct_upper': 24.02514431214826, 'bootstrap_resamples': 2000, 'seed': 4242245691348031268, 'ratio_definition': 'delta_flat_E2E_query_median / method_E2E_query_median'}",True,8,1,"{'count': 0, 'min': None, 'p50': None, 'p95': None, 'p99': None, 'max': None, 'mean': None}",,,True,offline-smoke-20260905T121406.178089Z-43d3397eca,eeef9255dbe201c569fb2ec39f0ab3a72a22b79b4dab1784b86921f9620a0ca2,"{'count': 8, 'min': 1.8005744997441868, 'p50': 2.0234445164189063, 'p95': 2.371283877959427, 'p99': 2.4748011351038155, 'max': 2.500680449389913, 'mean': 2.067334820493075}",0,"{'count': 0, 'min': None, 'p50': None, 'p95': None, 'p99': None, 'max': None, 'mean': None}",8
0,"{'count': 0, 'min': None, 'p50': None, 'p95': None, 'p99': None, 'max': None, 'mean': None}",,,,,,,,,16774.0,,,,,,,0,bffb4b5356f2a8fc4a23f1dc436dd38b863689d259acba88df25e4b5d28655ea,1.0,1.0,7.0,7.0,0.065121,1.0,0.875,"{'count': 1, 'min': 13941.216859113547, 'p50': 13941.216859113547, 'p95': 13941.216859113547, 'p99': 13941.216859113547, 'max': 13941.216859113547, 'mean': 13941.216859113547}",0.065592,0.0717782,0.07229564,0.07229564,15020.7380064101,synthetic-outlier-radius,0,0.0,{},{},0,0.0,,0,0,5,,,0.0,0.0,1.0,,,,1.0,,,full_base_delta_hnsw_ef8,full_hnsw,"{'count': 1, 'min': 13941.216859113547, 'p50': 13941.216859113547, 'p95': 13941.216859113547, 'p99': 13941.216859113547, 'max': 13941.216859113547, 'mean': 13941.216859113547}",,,,,,1.0,"{'count': 0, 'min': None, 'p50': None, 'p95': None, 'p99': None, 'max': None, 'mean': None}",0.070577,"{'count': 0, 'min': None, 'p50': None, 'p95': None, 'p99': None, 'max': None, 'mean': None}",,fewer_than_1000_unique_test_queries,"{'paired_queries': 8, 'median': 25.457323387175606, 'bootstrap_95pct_lower': 24.33082641671995, 'bootstrap_95pct_upper': 26.661477121701157, 'bootstrap_resamples': 2000, 'seed': 1247406641825552519, 'ratio_definition': 'delta_flat_E2E_query_median / method_E2E_query_median'}",True,8,1,"{'count': 0, 'min': None, 'p50': None, 'p95': None, 'p99': None, 'max': None, 'mean': None}",,,True,offline-smoke-20260905T121406.178089Z-43d3397eca,eeef9255dbe201c569fb2ec39f0ab3a72a22b79b4dab1784b86921f9620a0ca2,"{'count': 8, 'min': 1.8005744997441868, 'p50': 2.0234445164189063, 'p95': 2.371283877959427, 'p99': 2.4748011351038155, 'max': 2.500680449389913, 'mean': 2.067334820493075}",0,"{'count': 0, 'min': None, 'p50': None, 'p95': None, 'p99': None, 'max': None, 'mean': None}",8
0,"{'count': 8, 'min': 0.0, 'p50': 0.0, 'p95': 0.0, 'p99': 0.0, 'max': 0.0, 'mean': 0.0}",0.0,61334.125,,135760.5,,,,0.0,,11467.875,85614.875,363272.0,1168731.375,216687.0,11053.75,0,bffb4b5356f2a8fc4a23f1dc436dd38b863689d259acba88df25e4b5d28655ea,1.0,1.0,7.0,7.0,2.546424,1.0,0.875,"{'count': 1, 'min': 365.7959230032504, 'p50': 365.7959230032504, 'p95': 365.7959230032504, 'p99': 365.7959230032504, 'max': 365.7959230032504, 'mean': 365.7959230032504}",2.5446855,2.6116081,2.61584002,2.61584002,390.6869414306067,synthetic-outlier-radius,0,0.0,{},{},0,0.0,0.75,8.0,24.0,5,28.25,5.0,0.0,0.0,1.0,1.0,3.0,2.0,1.0,8.25,0.0,group_pruning_beta0,pruned,"{'count': 1, 'min': 408.9363636744691, 'p50': 408.9363636744691, 'p95': 408.9363636744691, 'p99': 408.9363636744691, 'max': 408.9363636744691, 'mean': 408.9363636744691}",2.224816,2.2432941,2.24838282,2.24838282,449.04128002809205,1.0,"{'count': 8, 'min': 3.442603175140494, 'p50': 4.621041947013358, 'p95': 5.92521561741706, 'p99': 6.027144666570538, 'max': 6.052626928858908, 'mean': 4.648380812640132}",2.538232,"{'count': 8, 'min': 0.0, 'p50': 0.0, 'p95': 0.0, 'p99': 0.0, 'max': 0.0, 'mean': 0.0}",0.0,fewer_than_1000_unique_test_queries,"{'paired_queries': 8, 'median': 0.6618998234949038, 'bootstrap_95pct_lower': 0.6538068803246323, 'bootstrap_95pct_upper': 0.6735340058974919, 'bootstrap_resamples': 2000, 'seed': 14064181136853898071, 'ratio_definition': 'delta_flat_E2E_query_median / method_E2E_query_median'}",True,8,1,"{'count': 8, 'min': 0.0, 'p50': 0.0, 'p95': 0.0, 'p99': 0.0, 'max': 0.0, 'mean': 0.0}",0.0,0.0,True,offline-smoke-20260905T121406.178089Z-43d3397eca,eeef9255dbe201c569fb2ec39f0ab3a72a22b79b4dab1784b86921f9620a0ca2,"{'count': 8, 'min': 1.8005745224428522, 'p50': 2.0234444696372247, 'p95': 2.3712838667008262, 'p99': 2.4748010794789552, 'max': 2.5006803826734876, 'mean': 2.0673348175159503}",0,"{'count': 0, 'min': None, 'p50': None, 'p95': None, 'p99': None, 'max': None, 'mean': None}",8
0,"{'count': 8, 'min': 0.0, 'p50': 0.0, 'p95': 0.0, 'p99': 0.0, 'max': 0.0, 'mean': 0.0}",0.0,61334.125,,137474.5,,,,92456.875,,11540.625,86180.125,364076.0,1166152.5,215805.75,10937.875,0,bffb4b5356f2a8fc4a23f1dc436dd38b863689d259acba88df25e4b5d28655ea,1.0,1.0,7.0,7.0,2.637819,1.0,0.875,"{'count': 1, 'min': 354.62693733804076, 'p50': 354.62693733804076, 'p95': 354.62693733804076, 'p99': 354.62693733804076, 'max': 354.62693733804076, 'mean': 354.62693733804076}",2.6384435,2.697929,2.7064242000000003,2.7064242000000003,377.1451544956268,synthetic-outlier-radius,0,0.0,{},{},0,0.0,0.75,8.0,24.0,5,52.5,5.0,0.0,0.0,1.0,1.0,3.0,2.0,1.0,8.25,0.0,group_pruning_beta0_recompute_intervals_ablation,pruned_recompute,"{'count': 1, 'min': 393.9470818763857, 'p50': 393.9470818763857, 'p95': 393.9470818763857, 'p99': 393.9470818763857, 'max': 393.9470818763857, 'mean': 393.9470818763857}",2.3157105,2.34159055,2.34853091,2.34853091,431.24422638100975,1.0,"{'count': 8, 'min': 3.442603175140494, 'p50': 4.621041947013358, 'p95': 5.92521561741706, 'p99': 6.027144666570538, 'max': 6.052626928858908, 'mean': 4.648380812640132}",2.639068,"{'count': 8, 'min': 0.0, 'p50': 0.0, 'p95': 0.0, 'p99': 0.0, 'max': 0.0, 'mean': 0.0}",0.0,fewer_than_1000_unique_test_queries,"{'paired_queries': 8, 'median': 0.6386595766356216, 'bootstrap_95pct_lower': 0.6308078360108245, 'bootstrap_95pct_upper': 0.6533452610033125, 'bootstrap_resamples': 2000, 'seed': 7635884160792817832, 'ratio_definition': 'delta_flat_E2E_query_median / method_E2E_query_median'}",True,8,1,"{'count': 8, 'min': 0.0, 'p50': 0.0, 'p95': 0.0, 'p99': 0.0, 'max': 0.0, 'mean': 0.0}",0.0,0.0,True,offline-smoke-20260905T121406.178089Z-43d3397eca,eeef9255dbe201c569fb2ec39f0ab3a72a22b79b4dab1784b86921f9620a0ca2,"{'count': 8, 'min': 1.8005745224428522, 'p50': 2.0234444696372247, 'p95': 2.3712838667008262, 'p99': 2.4748010794789552, 'max': 2.5006803826734876, 'mean': 2.0673348175159503}",0,"{'count': 0, 'min': None, 'p50': None, 'p95': None, 'p99': None, 'max': None, 'mean': None}",8
0,"{'count': 8, 'min': 0.0, 'p50': 0.0, 'p95': 0.0, 'p99': 0.0, 'max': 0.0, 'mean': 0.0}",0.0,61334.125,,143527.125,,,,0.0,,11640.5,87330.625,368890.375,1175287.375,227212.625,11426.0,0,bffb4b5356f2a8fc4a23f1dc436dd38b863689d259acba88df25e4b5d28655ea,1.0,1.0,7.0,7.0,2.591017,1.0,0.875,"{'count': 1, 'min': 363.95561888787716, 'p50': 363.95561888787716, 'p95': 363.95561888787716, 'p99': 363.95561888787716, 'max': 363.95561888787716, 'mean': 363.95561888787716}",2.583552,2.6881642,2.70012244,2.70012244,384.20384319104346,synthetic-outlier-radius,0,0.0,{},{},0,0.0,0.75,8.0,24.0,5,28.25,5.0,0.0,0.0,1.0,1.0,3.0,2.0,1.0,8.25,0.0,group_pruning_beta_factor_0p05,pruned,"{'count': 1, 'min': 406.84045263441396, 'p50': 406.84045263441396, 'p95': 406.84045263441396, 'p99': 406.84045263441396, 'max': 406.84045263441396, 'mean': 406.84045263441396}",2.2606755,2.3384772000000003,2.34371544,2.34371544,440.4980469142534,1.0,"{'count': 8, 'min': 3.442603175140494, 'p50': 4.621041947013358, 'p95': 5.92521561741706, 'p99': 6.027144666570538, 'max': 6.052626928858908, 'mean': 4.648380812640132}",2.576087,"{'count': 8, 'min': 0.0, 'p50': 0.0, 'p95': 0.0, 'p99': 0.0, 'max': 0.0, 'mean': 0.0}",0.0,fewer_than_1000_unique_test_queries,"{'paired_queries': 8, 'median': 0.6504530159842996, 'bootstrap_95pct_lower': 0.6475670270452822, 'bootstrap_95pct_upper': 0.6593975339669073, 'bootstrap_resamples': 2000, 'seed': 4855936808074790252, 'ratio_definition': 'delta_flat_E2E_query_median / method_E2E_query_median'}",True,8,1,"{'count': 8, 'min': 0.09695096204275461, 'p50': 0.09695096204275461, 'p95': 0.09695096204275461, 'p99': 0.09695096204275461, 'max': 0.09695096204275461, 'mean': 0.09695096204275461}",0.09695096204275461,0.09695096204275461,True,offline-smoke-20260905T121406.178089Z-43d3397eca,eeef9255dbe201c569fb2ec39f0ab3a72a22b79b4dab1784b86921f9620a0ca2,"{'count': 8, 'min': 1.8005745224428522, 'p50': 2.0234444696372247, 'p95': 2.3712838667008262, 'p99': 2.4748010794789552, 'max': 2.5006803826734876, 'mean': 2.0673348175159503}",0,"{'count': 0, 'min': None, 'p50': None, 'p95': None, 'p99': None, 'max': None, 'mean': None}",8
0,"{'count': 8, 'min': 0.0, 'p50': 0.0, 'p95': 0.0, 'p99': 0.0, 'max': 0.0, 'mean': 0.0}",0.0,61334.125,,140697.5,,,,0.0,,11621.25,324889.25,366140.625,1195581.625,216396.5,10985.375,0,bffb4b5356f2a8fc4a23f1dc436dd38b863689d259acba88df25e4b5d28655ea,1.0,1.0,7.0,7.0,2.810418,1.0,0.875,"{'count': 1, 'min': 334.2685889896105, 'p50': 334.2685889896105, 'p95': 334.2685889896105, 'p99': 334.2685889896105, 'max': 334.2685889896105, 'mean': 334.2685889896105}",2.819072,2.9101526,2.92926652,2.92926652,353.02504068392955,synthetic-outlier-radius,0,0.0,{},{},0,0.0,0.0,32.0,0.0,5,44.0,5.0,0.0,0.0,1.0,4.0,0.0,2.0,1.0,24.0,0.0,grouping_no_pruning_ablation,no_pruning,"{'count': 1, 'min': 368.0942188686385, 'p50': 368.0942188686385, 'p95': 368.0942188686385, 'p99': 368.0942188686385, 'max': 368.0942188686385, 'mean': 368.0942188686385}",2.489013,2.5479129,2.5513361800000003,2.5513361800000003,399.9947400691681,1.0,"{'count': 0, 'min': None, 'p50': None, 'p95': None, 'p99': None, 'max': None, 'mean': None}",2.865781,"{'count': 8, 'min': 0.0, 'p50': 0.0, 'p95': 0.0, 'p99': 0.0, 'max': 0.0, 'mean': 0.0}",0.0,fewer_than_1000_unique_test_queries,"{'paired_queries': 8, 'median': 0.5999603267050582, 'bootstrap_95pct_lower': 0.584973885377467, 'bootstrap_95pct_upper': 0.603132194632325, 'bootstrap_resamples': 2000, 'seed': 11932890661967280071, 'ratio_definition': 'delta_flat_E2E_query_median / method_E2E_query_median'}",True,8,1,"{'count': 8, 'min': 0.0, 'p50': 0.0, 'p95': 0.0, 'p99': 0.0, 'max': 0.0, 'mean': 0.0}",0.0,0.0,True,offline-smoke-20260905T121406.178089Z-43d3397eca,eeef9255dbe201c569fb2ec39f0ab3a72a22b79b4dab1784b86921f9620a0ca2,"{'count': 8, 'min': 1.8005745224428522, 'p50': 2.0234444696372247, 'p95': 2.3712838667008262, 'p99': 2.4748010794789552, 'max': 2.5006803826734876, 'mean': 2.0673348175159503}",0,"{'count': 0, 'min': None, 'p50': None, 'p95': None, 'p99': None, 'max': None, 'mean': None}",8
